"","ilog","rname","rtype","day","cdst","tim","lat","lon","zoom","ext","nt"
"a20110827","802","r143","Mission","20110827","2822","1491","38.86359485","-94.6317864","14","45.6","no notes"
"a20110829","806","r143","Mission","20110829","2834","1695","38.86369445","-94.6315207","14","51.6","no notes"
"a20110831","807","r143x","Mission","20110831","5057","3011","38.8682686","-94.6316445","13","49.6","no notes"
"a20110903","808","r143x","Mission","20110903","1822","938","38.86133365","-94.6317238","15","45.6","no notes"
"a20110905","811","Leawood5K","Timed5K","20110905","5135","2478","38.9272926","-94.62350615","14","40.1","no notes"
"a20110908","812","nobrake1","Mission","20110908","1639","915","38.86070895","-94.6323239","15","49.7","no notes"
"a20110910","813","mediumx","Mission","20110910","4085","2104","38.8607152","-94.62831565","14","43.4","no notes"
"a20110913","814","bigx","Mission","20110913","5042","2770","38.85995125","-94.6292125","14","45.8","no notes"
"b20110915","816","iLan","nearby","20110915","4573","2233","38.90661385","-94.6406648","14","40.9","no notes"
"a20110918","819","pavilions","nearby","20110918","3788","2461","38.8581617","-94.63441285","16","55","no notes"
"a20110924","820","short","Mission","20110924","3628","2157","38.86088965","-94.6285156","15","50.5","no notes"
"a20111001","821","short","Mission","20111001","3466","1922","38.86083035","-94.62865855","15","47.2","no notes"
"a20111003","823","flat","Mission","20111003","1823","855","38.8579221","-94.6318568","15","41.5","no notes"
"a20111005","824","flatx","Mission","20111005","1993","847","38.85776305","-94.63232595","15","37.4","no notes"
"a20111006","825","Augusta","outside","20111006","1748","1067","33.47840645","-81.96394275","15","54.2","no notes"
"a20111009","827","Louisburg-1","outside","20111009","6451","3509","38.5133231","-94.6796195","14","44.6","no notes"
"a20111013","828","flatx","Mission","20111013","1667","753","38.85776235","-94.63180815","15","40.2","no notes"
"a20111016","829","Louisburg-2","outside","20111016","4205","2290","38.64397165","-94.6962833","16","45.9","no notes"
"a20111020","833","big","Mission","20111020","4838","2514","38.86094115","-94.62719125","15","43.4","no notes"
"a20111022","834","Streaks5K","Timed5K","20111022","4910","2291","38.8746551","-94.69351295","14","38.9","no notes"
"a20111027","836","r143","Mission","20111027","2810","1397","38.8635707","-94.63168065","14","42.9","no notes"
"b20111029","838","Branson","outside","20111029","2728","1665","36.60928775","-93.3104115","15","52.7","no notes"
"b20111101","840","Pavilions","nearby","20111101","1206","572","38.85737885","-94.63367065","16","43","no notes"
"c20111101","841","Pavilions","nearby","20111101","1006","486","38.8584121","-94.63648715","16","44.3","no notes"
"d20111101","842","Pavilions","nearby","20111101","547","253","38.85737085","-94.6344533","17","44","no notes"
"a20111103","843","flatx","Mission","20111103","1077","429","38.8585537","-94.63173245","16","36.4","no notes"
"b20111103","844","flatx","Mission","20111103","1051","451","38.85856265","-94.6306606","16","39.3","no notes"
"a20111105","845","doublex","Mission","20111105","7779","3766","38.86199875","-94.62709045","14","39.3","no notes"
"a20111108","846","churchx","Mission","20111108","4241","1972","38.86392165","-94.6398997","14","39.1","no notes"
"b20111110","849","medium","Mission","20111110","3941","1894","38.860845","-94.62715455","15","40.6","no notes"
"b20111112","852","doublex","Mission","20111112","8203","4229","38.86580535","-94.62714645","14","41.7","no notes"
"a20111117","855","mediumx","Mission","20111117","3650","1581","38.86085895","-94.62715035","15","36.8","no notes"
"a20111119","856","churchx","Mission","20111119","5064","2229","38.86685815","-94.6396719","14","36.7","no notes"
"a20111124","859","ward5K","Timed5K","20111124","5147","2308","38.9688755","-94.6019944","14","37.3","no notes"
"a20111126","861","flat","Mission","20111126","1783","903","38.857945","-94.6316037","15","44.9","no notes"
"a20111129","862","flatx","Mission","20111129","2666","1230","38.85790155","-94.63180825","15","39.9","no notes"
"a20111201","863","r151x","Mission","20111201","2013","964","38.8567512","-94.63176725","16","42.1","no notes"
"a20111203","864","doublex","Mission","20111203","8523","4348","38.86281005","-94.6275695","14","41.2","no notes"
"a20111206","865","r143","Mission","20111206","2812","1562","38.8635879","-94.6316372","14","47.9","no notes"
"b20111210","867","churchx","Mission","20111210","6182","2869","38.86864795","-94.6397476","13","38.2","no notes"
"a20111213","869","steeple1","Mission","20111213","5113","2381","38.8637815","-94.6283747","14","38.8","no notes"
"b20111217","872","shortx","Mission","20111217","2286","1066","38.86082865","-94.6299132","15","40.7","no notes"
"b20111220","875","r143x","Mission","20111220","2481","1031","38.86424075","-94.6317182","14","36.1","no notes"
"a20111222","876","flat","Mission","20111222","1819","868","38.85794995","-94.63181505","15","42.3","no notes"
"b20111224","878","r143x","Mission","20111224","2751","1204","38.86492975","-94.63170285","14","37.8","no notes"
"b20111226","881","r151","Mission","20111226","1260","503","38.85675595","-94.6317719","16","36.1","no notes"
"b20111228","883","iLan","Mission","20111228","2297","968","38.9035689","-94.64432065","15","36.8","no notes"
"a20111230","886","heritage","Mission","20111230","1340","900","38.8385386","-94.7585749","16","60.6","no notes"
"b20120102","888","short","Mission","20120102","3512","1889","38.86082985","-94.62855245","15","45.8","no notes"
"a20120105","889","mediumx","Mission","20120105","3010","1280","38.86079585","-94.62719905","15","36.5","no notes"
"a20120109","891","r143x","Mission","20120109","2078","926","38.8636381","-94.63168225","14","39.1","no notes"
"a20120111","893","flatx","Mission","20120111","2069","810","38.85785","-94.63174215","15","34.4","no notes"
"a20120115","894","short","Mission","20120115","3545","1733","38.86073665","-94.628589","15","41.6","no notes"
"a20120121","899","r143","Mission","20120121","2769","1350","38.86356165","-94.6317109","14","42.1","no notes"
"a20120218","900","Orlando","outside","20120218","2584","1481","28.4137425","-81.46573235","15","49.7","no notes"
"a20120221","902","r151","Mission","20120221","1287","665","38.8568642","-94.6317355","16","46.7","no notes"
"a20120227","903","short","Mission","20120227","3591","1829","38.8608582","-94.6285403","15","43.3","no notes"
"a20120304","904","r151","Mission","20120304","1285","698","38.8567632","-94.63174355","16","49.1","no notes"
"a20120308","100","r143","Mission","20120308","2849","1368","38.86367055","-94.6316456","14","41.4","no notes"
"a20120312","60","SanDiego-1","outside","20120312","3531","1793","32.68290715","-117.1888197","14","43.2","no notes"
"a20120314","61","SanDiego-1","outside","20120314","2337","1150","32.6771606","-117.1769588","15","42.9","no notes"
"a20120316","62","SanDiego-1","outside","20120316","3204","1510","32.68361895","-117.1895706","14","40.3","no notes"
"a20120318","63","medium","Mission","20120318","3934","1917","38.86084935","-94.6271435","15","41.2","no notes"
"a20120320","64","r143","Mission","20120320","2773","1280","38.8635925","-94.6314869","14","39.9","no notes"
"a20120322","65","r151","Mission","20120322","1245","529","38.8568016","-94.6317808","16","38.5","no notes"
"a20120324","66","r138","Mission","20120324","5030","2539","38.8681693","-94.6324815","13","42","no notes"
"a20120327","67","flat","Mission","20120327","1787","786","38.8579211","-94.6318208","15","39","no notes"
"a20120330","68","r143","Mission","20120330","2808","1309","38.86357525","-94.63171125","14","40.2","no notes"
"a20120401","69","Indian5K","Timed5K","20120401","5110","2430","38.9378336","-94.6799279","14","39.6","no notes"
"a20120406","70","IowaCity","outside","20120406","3484","1743","41.6628443","-91.54046375","15","42.6","no notes"
"a20120408","71","r151","Mission","20120408","1259","481","38.8567913","-94.6318545","16","34.6","no notes"
"a20120410","72","steeplex","Mission","20120410","3012","1276","38.86379985","-94.62885225","14","36.4","no notes"
"a20120412","73","r151","Mission","20120412","1300","505","38.85679495","-94.63175055","16","35.1","no notes"
"a20120414","74","flat","Mission","20120414","1804","735","38.8579221","-94.6317699","15","36.1","no notes"
"a20120417","75","shortx","Mission","20120417","1878","803","38.86176765","-94.6273861","15","37.8","no notes"
"a20120419","76","r151","Mission","20120419","1239","506","38.8567371","-94.6317658","16","37","no notes"
"a20120421","77","steeple1","Mission","20120421","5126","2274","38.86377085","-94.62856765","14","36.9","no notes"
"a20120424","80","medium","Mission","20120424","3899","1877","38.86085515","-94.62714855","15","40.7","no notes"
"a20120503","82","short","Mission","20120503","3491","1643","38.86084535","-94.62856465","15","40.1","no notes"
"a20120505","83","church","Mission","20120505","6271","3082","38.86876395","-94.6397398","13","40.4","no notes"
"a20120508","84","medium","Mission","20120508","3876","1715","38.8608223","-94.6271841","15","37.4","no notes"
"a20120510","85","short","Mission","20120510","3531","1505","38.86090755","-94.6284682","15","36.3","no notes"
"a20120512","86","church","Mission","20120512","6329","2887","38.86873185","-94.63976315","13","37.5","no notes"
"a20120515","87","Portland","outside","20120515","4381","2326","45.51501725","-122.6722113","14","44.6","no notes"
"a20120518","90","Portland","outside","20120518","2037","965","45.5150313","-122.6705747","15","41.7","no notes"
"a20120522","91","flat","Mission","20120522","1820","732","38.857909","-94.6317585","15","35.6","no notes"
"a20120524","92","nobrake2","Mission","20120524","2301","1086","38.85908625","-94.63177585","15","41.2","no notes"
"a20120527","93","medium","Mission","20120527","3948","1866","38.86089245","-94.62715365","15","39.9","no notes"
"a20120529","94","flat","Mission","20120529","1807","713","38.8578902","-94.6318033","15","35","no notes"
"a20120531","95","r151","Mission","20120531","1267","505","38.85681305","-94.6318024","16","36.1","no notes"
"a20120602","96","Heritage5K","Timed5K","20120602","5025","2045","38.83523","-94.7492516","15","33.9","no notes"
"a20120607","98","r143","Mission","20120607","2805","1193","38.8634315","-94.631616","14","36.7","no notes"
"a20120611","99","Paris","outside","20120611","1630","993","48.8556744","2.29931175","15","54.3","no notes"
"a20120617","101","short","Mission","20120617","3532","1573","38.8608412","-94.62853535","15","37.9","no notes"
"a20120621","102","nobrake2","Mission","20120621","2334","1088","38.85909985","-94.63178405","15","40.7","no notes"
"a20120623","103","steeple1","Mission","20120623","5227","2420","38.8637748","-94.62851875","14","38.5","no notes"
"a20120626","104","flat","Mission","20120626","1786","720","38.85787155","-94.6318483","15","35.7","no notes"
"a20120628","105","nobrake2","Mission","20120628","2298","1051","38.85909255","-94.6317363","15","39.9","no notes"
"a20120630","106","church","Mission","20120630","6310","3168","38.8686415","-94.6397938","13","41.3","no notes"
"a20120704","107","Ward4M","Timed4M","20120704","6634","2982","38.9688532","-94.60351855","14","36.8","no notes"
"a20120707","108","medium","Mission","20120707","3948","1742","38.8608155","-94.62712245","15","37.3","no notes"
"a20120709","109","flat","Mission","20120709","1800","674","38.85792425","-94.63176345","15","33.2","no notes"
"a20120711","110","r143","Mission","20120711","2827","1511","38.86366505","-94.6316896","14","46.1","no notes"
"a20120713","111","nobrake2","Mission","20120713","2294","1015","38.85902685","-94.6316497","15","38.6","no notes"
"a20120715","112","steeplex","Mission","20120715","6701","3373","38.86215225","-94.62645235","14","41.2","no notes"
"a20120717","113","nobrake2","Mission","20120717","2323","1031","38.8590409","-94.63179775","15","38.7","no notes"
"a20120719","114","mediumx","Mission","20120719","2983","1294","38.8608022","-94.62721735","15","37.3","no notes"
"a20120721","115","double","Mission","20120721","5393","2505","38.86082805","-94.6271528","15","38.5","no notes"
"a20120724","116","flat","Mission","20120724","1761","734","38.85789325","-94.63179805","15","37","no notes"
"a20120726","117","flat","Mission","20120726","1792","700","38.85789625","-94.6317508","15","34.6","no notes"
"a20120728","118","shortx","Mission","20120728","2094","789","38.86083655","-94.6285753","15","33.1","no notes"
"a20120731","119","SanDiego-2","outside","20120731","3125","1207","32.70777465","-117.166519","14","33.1","no notes"
"a20120801","120","SanDiego-2","outside","20120801","4036","1568","32.71283605","-117.1685631","14","32.8","no notes"
"a20120804","121","flat","Mission","20120804","1824","719","38.85792255","-94.63185355","15","34.9","no notes"
"a20120806","122","r143","Mission","20120806","2796","1215","38.8636317","-94.63169705","14","37.5","no notes"
"a20120808","123","r151","Mission","20120808","1324","486","38.85687655","-94.63171315","16","33.1","no notes"
"a20120811","124","Farmstead5K","Timed5K","20120811","5134","2176","38.87888735","-94.70914535","14","35.3","no notes"
"a20120813","125","flat","Mission","20120813","1783","747","38.85791315","-94.63177845","15","37.1","no notes"
"a20120815","126","nobrake2","Mission","20120815","2292","974","38.858969","-94.631696","15","37.1","no notes"
"a20120818","127","church","Mission","20120818","6517","2927","38.8687687","-94.6397182","13","36.8","no notes"
"a20120821","128","short","Mission","20120821","3490","1560","38.86075085","-94.62855365","15","38.1","no notes"
"a20120823","129","nobrake2","Mission","20120823","2325","997","38.8590435","-94.6316833","15","37.4","no notes"
"a20120826","130","r151","Mission","20120826","1261","477","38.85671285","-94.63162435","16","34.2","no notes"
"a20120828","131","shortx","Mission","20120828","3021","1450","38.8608641","-94.628509","15","41.2","no notes"
"a20120830","132","r143","Mission","20120830","2792","1164","38.86363615","-94.63161995","14","36","no notes"
"a20120901","133","medium","Mission","20120901","3932","1834","38.860818","-94.6269364","15","39.4","no notes"
"a20120903","134","Leawood5K","Timed5K","20120903","5161","2072","38.9273267","-94.62348495","14","33.4","no notes"
"a20120905","135","r151","Mission","20120905","1286","462","38.85678165","-94.63176735","16","32.5","no notes"
"a20120907","136","flat","Mission","20120907","1797","864","38.8578831","-94.6317666","15","42.6","no notes"
"a20120909","137","flat","Mission","20120909","1816","724","38.85791135","-94.63178705","15","35.3","no notes"
"a20120911","138","r151","Mission","20120911","1263","486","38.85677215","-94.63168915","16","34.8","no notes"
"a20120913","139","short","Mission","20120913","3467","1524","38.86085255","-94.62856275","15","37.4","no notes"
"a20120915","140","KCZoo4M","Timed4M","20120915","6531","2935","39.0045622","-94.5300087","14","36.9","no notes"
"a20120918","141","r151","Mission","20120918","1268","468","38.8568003","-94.63173845","16","33.4","no notes"
"a20120920","142","r143","Mission","20120920","2850","1187","38.86361265","-94.6316669","14","35.9","no notes"
"a20120925","143","short","Mission","20120925","3485","1622","38.86084295","-94.6285089","15","39.6","no notes"
"a20120930","201","Louisburg-1","outside","20120930","2593","1251","38.5088826","-94.67983315","15","41.8","no notes"
"a20121003","202","big","Mission","20121003","4801","2140","38.8608506","-94.62718245","15","37.2","no notes"
"a20121006","203","church","Mission","20121006","6533","2886","38.8687914","-94.6397584","13","36.2","no notes"
"a20121009","204","short","Mission","20121009","3576","1470","38.86082095","-94.6285714","15","35","no notes"
"a20121011","205","medium","Mission","20121011","3895","1660","38.86085115","-94.6271506","15","36.1","no notes"
"a20121013","206","Mustache5K","Timed5K","20121013","5092","2070","38.9212713","-94.6443555","15","33.8","no notes"
"a20121016","207","nobrake2","Mission","20121016","2370","1001","38.8590103","-94.63172855","15","36.8","no notes"
"a20121018","208","flat","Mission","20121018","1843","770","38.85797615","-94.6316982","15","37","no notes"
"a20121021","209","Louisburg-2","outside","20121021","1641","958","38.64405505","-94.6960647","16","52","no notes"
"a20121023","210","nobrake2","Mission","20121023","2307","1068","38.8590741","-94.63169045","15","40.4","no notes"
"a20121025","211","flat","Mission","20121025","1819","845","38.85794425","-94.63177865","15","41.1","no notes"
"a20121027","212","church","Mission","20121027","6520","2885","38.86868635","-94.63975555","13","36.3","no notes"
"a20121030","213","nobrake2","Mission","20121030","2339","968","38.85904905","-94.63172015","15","36.1","no notes"
"a20121101","214","r143","Mission","20121101","2873","1205","38.8636698","-94.6316254","14","36.1","no notes"
"a20121107","215","short","Mission","20121107","3531","1532","38.8608006","-94.6285529","15","36.9","no notes"
"a20121110","216","nobrake2","Mission","20121110","2517","1003","38.85905175","-94.631739","15","34.6","no notes"
"a20121112","217","r151","Mission","20121112","1271","489","38.8567605","-94.6317679","16","34.8","no notes"
"a20121114","218","r151","Mission","20121114","1234","460","38.8567955","-94.63181525","16","33.8","no notes"
"a20121117","219","big","Mission","20121117","4744","2103","38.8608338","-94.6271685","15","37.1","no notes"
"a20121119","220","steeple1","Mission","20121119","5198","2302","38.8638227","-94.6285343","14","36.8","no notes"
"a20121122","221","Sprint5K","Timed5K","20121122","5169","2231","38.9195252","-94.6567388","14","35.9","no notes"
"a20121124","222","r143","Mission","20121124","2838","1179","38.8636536","-94.63163945","14","35.8","no notes"
"a20121128","223","medium","Mission","20121128","3775","1641","38.8608303","-94.62716045","15","36.8","no notes"
"a20121130","224","r143","Mission","20121130","2821","1173","38.8636947","-94.6316668","14","35.9","no notes"
"a20121202","225","church","Mission","20121202","6544","2877","38.8687311","-94.6397145","13","36","no notes"
"a20121204","226","short","Mission","20121204","3514","1539","38.8608247","-94.6285178","15","37.3","no notes"
"a20121206","227","medium","Mission","20121206","3949","1677","38.86092295","-94.6272197","15","35.9","no notes"
"a20121208","228","steeple2","Mission","20121208","5378","2412","38.8637974","-94.62717395","14","37.2","no notes"
"a20121211","229","flat","Mission","20121211","1766","709","38.857957","-94.6317531","15","35.6","no notes"
"a20121213","230","r151","Mission","20121213","1288","478","38.8567662","-94.63161395","16","33.5","no notes"
"a20121215","231","nobrake2","Mission","20121215","2285","1024","38.85907295","-94.63178515","15","39.1","no notes"
"a20121217","232","r143","Mission","20121217","2806","1261","38.86370855","-94.63173245","14","38.8","no notes"
"a20121219","233","nobrake2","Mission","20121219","2317","927","38.8589535","-94.6316907","15","34.9","no notes"
"a20121222","234","flat","Mission","20121222","1754","789","38.8578736","-94.6317816","15","39.9","no notes"
"a20121224","235","r150","Mission","20121224","7637","3637","38.8677881","-94.6397229","13","38.7","no notes"
"a20121227","236","r151","Mission","20121227","1241","526","38.85678135","-94.6317662","16","38.4","no notes"
"a20121229","237","r143","Mission","20121229","2755","1209","38.8636151","-94.63162995","14","37.9","no notes"
"a20121231","238","flat","Mission","20121231","1749","710","38.85790785","-94.63173655","15","36","no notes"
"a20130107","239","nobrake2","Mission","20130107","2200","924","38.8590917","-94.6317526","15","36.8","no notes"
"a20130110","240","medium","Mission","20130110","3944","1681","38.8608814","-94.62719575","15","36","no notes"
"a20130112","241","short","Mission","20130112","3570","1481","38.86089475","-94.62852855","15","35.3","no notes"
"a20130116","242","big","Mission","20130116","4739","2059","38.86085295","-94.6271899","15","36.3","no notes"
"a20130120","243","r143","Mission","20130120","2769","1162","38.86364645","-94.63161245","14","36.2","no notes"
"a20130122","244","nobrake2","Mission","20130122","2266","962","38.8590215","-94.6317322","15","37.1","no notes"
"a20130125","245","flat","Mission","20130125","1733","687","38.8578894","-94.6317713","15","35.2","no notes"
"a20130127","246","r145","Mission","20130127","4391","1910","38.8625681","-94.6271617","15","36.5","no notes"
"a20130129","247","r151","Mission","20130129","1159","471","38.85683595","-94.63147495","16","37","no notes"
"a20130131","248","r143","Mission","20130131","2805","1193","38.8636231","-94.6316533","14","36.7","no notes"
"a20130202","249","church","Mission","20130202","6520","2886","38.86880465","-94.639684","13","36.3","no notes"
"a20130204","250","r151","Mission","20130204","1275","486","38.85683265","-94.6317068","16","34.5","no notes"
"a20130206","251","flat","Mission","20130206","1749","702","38.8579143","-94.6317163","15","35.6","no notes"
"a20130210","252","r143","Mission","20130210","2800","1250","38.86367755","-94.63164225","14","38.5","no notes"
"a20130213","253","short","Mission","20130213","3438","1422","38.8608566","-94.6284928","15","35.3","no notes"
"a20130215","254","r151","Mission","20130215","1258","474","38.856796","-94.6316561","16","34.1","no notes"
"a20130217","255","r151","Mission","20130217","1248","489","38.85677825","-94.63179145","16","35.5","no notes"
"a20130220","256","medium","Mission","20130220","3994","1586","38.8608804","-94.6271891","15","33.5","no notes"
"a20130304","257","r133x","Geezer","20130304","1681","725","38.88649995","-94.62251985","15","38.4","no notes"
"a20130309","258","r133x","Geezer","20130309","1966","799","38.88650425","-94.62263095","15","35.8","no notes"
"a20130312","259","flat","Mission","20130312","1801","691","38.8578825","-94.63175225","15","34","no notes"
"a20130315","260","hapuna1","outside","20130315","1510","838","19.99226295","-155.8260029","16","49.7","no notes"
"a20130317","261","hapuna2","outside","20130317","2486","1572","19.9922817","-155.8259487","16","55","no notes"
"a20130320","262","hapuna2","outside","20130320","2406","1162","19.9922426","-155.8260798","16","42.1","no notes"
"a20130322","263","hapuna2","outside","20130322","2537","1399","19.99220025","-155.8259989","16","47.9","no notes"
"a20130328","264","nobrake2","Mission","20130328","2242","984","38.85902925","-94.63175395","15","38.4","no notes"
"a20130330","265","r145","Mission","20130330","4454","1927","38.86261225","-94.6269725","15","36.3","no notes"
"a20130403","266","r143","Mission","20130403","2792","1190","38.86365075","-94.6317018","14","36.8","no notes"
"a20130405","267","medium","Mission","20130405","3999","1844","38.86089945","-94.62715715","15","38.9","no notes"
"a20130407","268","short","Mission","20130407","3483","1661","38.8608787","-94.6285108","15","40.6","no notes"
"a20130409","269","big","Mission","20130409","4783","2164","38.86089885","-94.62713265","15","37.8","no notes"
"a20130411","270","nobrake2","Mission","20130411","2248","933","38.85905365","-94.6317144","15","36.3","no notes"
"a20130413","271","church","Mission","20130413","6613","2800","38.8687897","-94.63981615","13","34.7","no notes"
"a20130415","272","flat","Mission","20130415","1910","690","38.85804625","-94.63179125","15","31.9","no notes"
"a20130417","273","medium","Mission","20130417","4000","1594","38.8608892","-94.62709025","15","33.7","no notes"
"a20130420","274","midnight5k","Timed5K","20130420","4860","2038","38.9202682","-94.6308395","14","35","no notes"
"a20130422","275","r143","Mission","20130422","2846","1168","38.86374855","-94.6316745","14","35.4","no notes"
"a20130425","276","r151","Mission","20130425","1296","561","38.85681205","-94.63174425","16","39.1","no notes"
"a20130427","277","r150","Mission","20130427","7830","3510","38.86779255","-94.63976845","13","36.4","no notes"
"a20130430","278","short","Mission","20130430","3526","1631","38.86084535","-94.62854765","15","39.4","no notes"
"a20130504","279","flat","Mission","20130504","1788","760","38.857922","-94.6317396","15","37.7","no notes"
"a20130510","280","r151","Mission","20130510","1275","529","38.8568078","-94.6317615","16","37.5","no notes"
"a20130520","281","nobrake2","Mission","20130520","2333","1081","38.85897685","-94.6318224","15","40.4","no notes"
"a20130522","282","r151","Mission","20130522","1254","519","38.8568035","-94.63179555","16","37.5","no notes"
"a20130524","283","flat","Mission","20130524","1794","831","38.8578693","-94.6317843","15","41","no notes"
"a20130527","284","r143","Mission","20130527","2794","1223","38.8636478","-94.6317617","14","37.8","no notes"
"a20130529","285","medium","Mission","20130529","4026","1891","38.86088725","-94.62718455","15","39.7","no notes"
"a20130531","286","nobrake1","Mission","20130531","1488","641","38.8606289","-94.6317455","15","38.6","no notes"
"a20130604","287","short","Mission","20130604","3575","1663","38.8609428","-94.6285211","15","39.6","no notes"
"a20130608","288","r143","Mission","20130608","2793","1211","38.86363895","-94.6315948","14","37.4","no notes"
"a20130611","289","r151","Mission","20130611","1278","500","38.8569222","-94.6316953","16","35.4","no notes"
"a20130613","290","short","Mission","20130613","3641","1593","38.86090525","-94.62849775","15","37.2","no notes"
"a20130615","291","r145","Mission","20130615","4457","2045","38.86257695","-94.62714725","15","38.5","no notes"
"a20130622","292","nobrake1","Mission","20130622","1519","636","38.86063625","-94.6317832","16","37.5","no notes"
"a20130627","293","r151","Mission","20130627","1277","506","38.85679145","-94.6315768","16","35.8","no notes"
"a20130629","294","medium","Mission","20130629","3942","1839","38.8608525","-94.6271942","15","39.4","no notes"
"a20130704","295","r143","Mission","20130704","2878","1280","38.86364755","-94.6316542","14","38.3","no notes"
"a20130706","296","steeple2","Mission","20130706","5486","2574","38.8637664","-94.6270979","14","38.9","no notes"
"a20130708","298","short","Mission","20130708","3641","1720","38.86081215","-94.62842565","15","40.1","no notes"
"a20130710","299","nobrake2","Mission","20130710","2294","1050","38.8590098","-94.6317839","15","40","no notes"
"a20130713","300","double","Mission","20130713","5536","2646","38.86087625","-94.62712155","15","39.6","no notes"
"a20130723","301","flat","Mission","20130723","1824","697","38.85791605","-94.63169525","15","33.8","no notes"
"a20130726","302","r143","Mission","20130726","2805","1325","38.8636033","-94.6316627","14","40.8","no notes"
"a20130728","303","nobrake1","Mission","20130728","1454","629","38.8607113","-94.63179935","16","38.8","no notes"
"a20130730","304","r151","Mission","20130730","1244","573","38.85686395","-94.631792","16","41.7","no notes"
"a20130801","305","flat","Mission","20130801","1756","747","38.8579787","-94.6317857","15","37.7","no notes"
"a20130804","306","Montreal1","outside","20130804","1459","647","45.5081907","-73.56672565","16","39.8","no notes"
"a20130808","307","Montreal1","outside","20130808","1369","594","45.50807155","-73.5666883","16","39.1","no notes"
"a20130811","308","r151","Mission","20130811","1265","529","38.8568431","-94.6317035","16","37.8","no notes"
"a20130814","309","flat","Mission","20130814","1788","754","38.85788415","-94.6317187","15","37.4","no notes"
"a20130817","310","short","Mission","20130817","3495","1566","38.86088565","-94.6285687","15","38.2","no notes"
"a20130819","311","nobrake1","Mission","20130819","1459","631","38.8606844","-94.6316442","16","38.8","no notes"
"a20130822","312","flat","Mission","20130822","1840","783","38.8577786","-94.6314973","15","37.7","no notes"
"a20130824","313","steeple2","Mission","20130824","5496","2575","38.86387465","-94.62711805","14","38.8","no notes"
"a20130826","314","r151","Mission","20130826","1243","568","38.8567758","-94.63173535","16","41.4","no notes"
"a20130829","315","flat","Mission","20130829","1779","800","38.85790815","-94.6317073","15","39.9","no notes"
"a20130831","316","dearborn","Mission","20130831","4045","1872","38.86459045","-94.65217365","15","39.1","no notes"
"a20130902","317","Leawood5K","Timed5K","20130902","5092","2165","38.92724835","-94.62352325","14","35.4","no notes"
"a20130904","318","Juniper","Nall","20130904","2322","1081","38.86516285","-94.6432849","15","40.6","no notes"
"a20130907","319","secondlake","Nall","20130907","3339","1579","38.86296535","-94.6516099","15","40.4","no notes"
"a20130910","320","secondlake","Nall","20130910","3278","1586","38.862854","-94.6516427","15","41.4","no notes"
"a20130912","321","Juniper","Nall","20130912","2351","1045","38.865138","-94.6434282","15","38.8","no notes"
"a20130916","322","secondlake","Nall","20130916","3257","1452","38.86288605","-94.6516658","15","38.1","no notes"
"a20130918","323","secondlake","Nall","20130918","3309","1656","38.8628575","-94.65165925","15","42.8","no notes"
"a20130922","325","greenridge","Nall","20130922","2766","1469","38.6413334","-93.37656055","15","45.9","no notes"
"a20130924","326","metcalf","Nall","20130924","5792","2697","38.8630647","-94.65674515","14","38.5","no notes"
"a20130928","327","dearborn","Nall","20130928","4002","1858","38.86466955","-94.6521208","15","39.2","no notes"
"a20131001","328","r147","Nall","20131001","1017","428","38.8624887","-94.64730365","16","38.6","no notes"
"a20131004","329","dearborn","Nall","20131004","4060","1896","38.86456605","-94.6522216","14","39.4","no notes"
"a20131008","330","short","Mission","20131008","3478","1639","38.860867","-94.6285058","15","40.1","no notes"
"a20131010","331","uminn","outside","20131010","1919","818","44.9673121","-93.22880675","14","37.6","no notes"
"a20131012","332","medium","Mission","20131012","3897","1769","38.8608079","-94.62707555","15","38.4","no notes"
"a20131016","333","flat","Mission","20131016","1764","751","38.85793305","-94.6317675","15","37.8","no notes"
"a20131018","334","nobrake2","Mission","20131018","2263","1010","38.85902575","-94.6315807","15","39","no notes"
"a20131020","335","r143","Mission","20131020","2791","1210","38.8636106","-94.63160095","14","37.4","no notes"
"a20131022","336","big","Mission","20131022","4768","2278","38.8608749","-94.6269903","15","39.9","no notes"
"a20131027","337","manhattan","outside","20131027","5400","2715","40.7611662","-73.978303","14","41.7","no notes"
"a20131029","338","short","Mission","20131029","3465","1559","38.86087265","-94.62848585","15","38.3","no notes"
"a20131102","339","r138","Mission","20131102","4915","2160","38.86824595","-94.6316379","14","36.7","no notes"
"a20131107","340","r151","Mission","20131107","1241","486","38.8567967","-94.6317363","16","35.5","no notes"
"a20131110","341","flat","Mission","20131110","1749","722","38.85793355","-94.63179245","15","36.6","no notes"
"a20131124","342","flat","Mission","20131124","1786","791","38.8579424","-94.6317714","15","39.3","no notes"
"a20131126","343","nobrake2","Mission","20131126","2295","1027","38.85911255","-94.63177575","15","39.1","no notes"
"a20131128","344","Sprint5K","Timed5K","20131128","5084","2340","38.91968495","-94.65722285","14","38.3","no notes"
"a20131130","345","r143","Mission","20131130","2806","1233","38.86362195","-94.6316754","14","37.9","no notes"
"a20131203","346","medium","Mission","20131203","3947","1808","38.8608217","-94.62718985","15","38.7","no notes"
"a20131213","347","short","Mission","20131213","3500","1616","38.86094035","-94.6285788","15","39.3","no notes"
"a20131216","348","flat","Mission","20131216","1764","819","38.85796585","-94.6317231","15","41.2","no notes"
"a20131219","349","medium","Mission","20131219","3921","1786","38.86084255","-94.6271738","15","38.5","no notes"
"a20131221","350","r145","Mission","20131221","4433","1960","38.8625932","-94.6271696","15","37.1","no notes"
"a20140101","351","nobrake1","Mission","20140101","1442","669","38.86067215","-94.6317736","16","41.7","no notes"
"a20140112","352","r143","Mission","20140112","2787","1276","38.86360135","-94.63169365","14","39.5","no notes"
"a20140114","353","flat","Mission","20140114","1796","785","38.85790845","-94.63178145","15","38.7","no notes"
"a20140116","354","medium","Mission","20140116","3889","1757","38.8608214","-94.62719505","15","38.2","no notes"
"a20140118","355","bean5k","Timed5K","20140118","5070","2229","38.96315065","-94.6245066","15","36.6","no notes"
"a20140120","356","nobrake1","Mission","20140120","1471","798","38.8607353","-94.63178495","16","48.7","no notes"
"a20140122","357","nobrake2","Mission","20140122","2312","1128","38.8590849","-94.63182615","15","42.6","no notes"
"a20140125","358","short","Mission","20140125","3505","1643","38.8608855","-94.6285539","15","39.9","no notes"
"a20140128","359","r151","Mission","20140128","1239","562","38.85670435","-94.6317943","16","41.1","no notes"
"a20140202","360","bethesda","outside","20140202","2397","1183","38.99086015","-77.0958833","14","43","no notes"
"a20140219","361","nobrake1","Mission","20140219","1442","674","38.86069005","-94.6318332","16","42","no notes"
"a20140222","362","medium","Mission","20140222","3937","1919","38.86088425","-94.62715795","15","41.2","no notes"
"a20140225","363","flat","Mission","20140225","1773","784","38.8578646","-94.63176105","15","39.2","no notes"
"a20140227","364","r151","Mission","20140227","1244","544","38.8568044","-94.63174555","16","39.6","no notes"
"a20140301","365","nobrake1","Mission","20140301","1494","680","38.8606609","-94.63183045","15","40.8","no notes"
"a20140306","366","flat","Mission","20140306","1792","782","38.8579432","-94.63177315","15","38.7","no notes"
"a20140308","367","double","Mission","20140308","5311","2616","38.86087675","-94.6271766","15","40.9","no notes"
"a20140311","368","short","Mission","20140311","3535","1591","38.86086485","-94.6285926","15","38.3","no notes"
"a20140313","369","big","Mission","20140313","4829","2262","38.86083845","-94.627156","15","39.1","no notes"
"a20140315","370","r143","Mission","20140315","2817","1329","38.86365675","-94.63167885","14","40.7","no notes"
"a20140317","371","Orlando2","outside","20140317","2277","1171","28.36804745","-81.5570931","15","44.9","no notes"
"a20140319","373","Orlando3","outside","20140319","4017","2070","28.36461605","-81.55612335","14","43.5","no notes"
"a20140322","374","Bahamas1","outside","20140322","5009","2522","26.09192315","-77.53937715","15","42","no notes"
"a20140327","375","r151","Mission","20140327","1270","531","38.8567867","-94.6317405","16","37.8","no notes"
"a20140329","376","church","Mission","20140329","6684","3141","38.8687329","-94.63981325","13","38.5","no notes"
"a20140401","377","short","Mission","20140401","3529","1686","38.8608863","-94.62850215","15","40.7","no notes"
"a20140403","378","flat","Mission","20140403","1821","801","38.85790475","-94.63166385","15","38.9","no notes"
"a20140405","379","r138","Mission","20140405","4886","2362","38.8681648","-94.6316216","14","40.3","no notes"
"a20140407","380","medium","Mission","20140407","3928","1836","38.8608639","-94.62714945","15","39.5","no notes"
"a20140410","381","nobrake2","Mission","20140410","2330","1110","38.8590254","-94.631744","15","41.6","no notes"
"a20140412","382","r144","Mission","20140412","6766","3311","38.86382055","-94.6224998","14","40","no notes"
"a20140415","383","short","Mission","20140415","3611","1711","38.8608445","-94.6285384","15","40.3","no notes"
"a20140417","384","bell","Mission","20140417","2943","1316","38.85317735","-94.63164985","14","38.5","no notes"
"a20140419","385","fairway","Mission","20140419","7581","3966","38.8638064","-94.6225162","14","42.5","no notes"
"a20140429","386","r151","Mission","20140429","1304","574","38.8568709","-94.6317033","16","39.8","no notes"
"a20140502","387","flat","Mission","20140502","1786","835","38.8578951","-94.6316908","15","41.4","no notes"
"a20140505","388","r143fix","Mission","20140505","2817","565","38.8636491","-94.63166865","14","17.3","no notes"
"a20140506","389","short","Mission","20140506","3482","1846","38.8608646","-94.6285426","15","45.1","no notes"
"a20140508","390","nobrake2","Mission","20140508","2365","1137","38.8590853","-94.6317118","15","41.9","no notes"
"a20140511","391","r145","Mission","20140511","4478","2236","38.86257205","-94.62716215","15","41.9","no notes"
"a20140513","392","Miami1","outside","20140513","2513","1304","25.7748021","-80.18652485","15","45.1","no notes"
"a20140515","393","Chicago1","outside","20140515","2978","1541","41.8826913","-87.622427","16","44.5","no notes"
"a20140517","394","big","Mission","20140517","5002","2444","38.86088635","-94.6271102","15","40.7","no notes"
"a20140519","395","flat","Mission","20140519","1803","801","38.8579171","-94.6317853","15","39.4","no notes"
"a20140522","396","r151","Mission","20140522","1266","561","38.85679385","-94.63172575","16","40.1","no notes"
"a20140524","397","nobrake2","Mission","20140524","2283","1064","38.8589989","-94.63173305","15","40.7","no notes"
"a20140526","398","medium","Mission","20140526","3919","1894","38.8608786","-94.6271526","15","40.9","no notes"
"a20140528","399","r151","Mission","20140528","1246","526","38.8567828","-94.63167725","16","38.2","no notes"
"a20140531","400","short","Mission","20140531","3488","1733","38.8608522","-94.6284972","15","42.3","no notes"
"a20140604","401","r151","Mission","20140604","1274","586","38.85680165","-94.63183435","16","41.6","no notes"
"a20140606","402","track1","Special","20140606","425","178","38.8379372","-94.65767275","17","40.5","no notes"
"a20140607","403","r143","Mission","20140607","2880","1407","38.8637161","-94.63163005","14","42.1","no notes"
"a20140609","404","flat","Mission","20140609","1791","748","38.8578974","-94.63154785","15","37","no notes"
"a20140611","405","r151","Mission","20140611","1279","571","38.8567277","-94.63178605","16","40.4","no notes"
"a20140614","406","big","Mission","20140614","4904","2458","38.8609034","-94.62717305","15","41.8","no notes"
"a20140616","407","r151","Mission","20140616","1238","564","38.85683285","-94.6317148","16","41.3","no notes"
"a20140618","408","nobrake1","Mission","20140618","1502","704","38.86063345","-94.63180415","15","42","no notes"
"a20140621","409","Timonium1","outside","20140621","2466","1184","39.4994799","-76.6622931","15","41.7","no notes"
"a20140625","410","nobrake2","Mission","20140625","2263","1095","38.85907575","-94.63176285","15","42.3","no notes"
"a20140627","411","medium","Mission","20140627","3912","2079","38.86081995","-94.62718595","15","44.9","no notes"
"a20140629","412","bell","Mission","20140629","2844","1396","38.85337335","-94.63180475","14","42.3","no notes"
"a20140704","413","Ward4M","Timed4M","20140704","6562","3102","38.9688239","-94.603507","14","38.8","no notes"
"a20140706","414","flat","Mission","20140706","1786","834","38.8579235","-94.63180125","15","41.4","no notes"
"a20140708","415","r143","Mission","20140708","2811","1362","38.8636021","-94.63159515","14","41.8","no notes"
"a20140710","416","r151","Mission","20140710","1278","598","38.8567945","-94.63176455","16","42.3","no notes"
"a20140712","417","medium","Mission","20140712","3869","2077","38.86084955","-94.62714895","15","45.4","no notes"
"a20140715","418","mini","Mission","20140715","3307","1581","38.8608611","-94.62857835","15","40.8","no notes"
"a20140717","419","r143","Mission","20140717","2840","1488","38.86356865","-94.63165285","14","45.2","no notes"
"a20140719","420","r138","Mission","20140719","4904","2437","38.8681922","-94.63165935","13","41.5","no notes"
"a20140721","421","flat","Mission","20140721","1837","802","38.857836","-94.63168905","15","38.6","no notes"
"a20140724","422","r151","Mission","20140724","1285","524","38.85677705","-94.63171515","16","36.9","no notes"
"a20140726","423","mini","Mission","20140726","3359","1653","38.8608648","-94.62858005","15","42","no notes"
"a20140728","424","flat","Mission","20140728","1815","772","38.8579006","-94.63171565","15","37.7","no notes"
"a20140730","425","nobrake2","Mission","20140730","2342","1102","38.85901035","-94.63188035","15","41","no notes"
"a20140803","426","Boston1","outside","20140803","2640","1377","42.34709795","-71.03349245","14","45.2","no notes"
"a20140805","427","Boston2","outside","20140805","3244","1432","42.35415605","-71.0603409","14","37.8","no notes"
"a20140809","428","Boston3","outside","20140809","3403","1694","42.3545582","-71.047078","15","42.5","no notes"
"a20140816","429","flat","Mission","20140816","1779","915","38.85792945","-94.63177615","15","45.6","no notes"
"a20140821","430","nobrake2","Mission","20140821","2339","1170","38.8590823","-94.6318458","15","43.6","no notes"
"a20140823","431","r143","Mission","20140823","2809","1383","38.86362795","-94.63161165","14","42.5","no notes"
"a20140826","432","r151","Mission","20140826","1316","546","38.8567895","-94.63176915","16","37.5","no notes"
"a20140828","433","flat","Mission","20140828","1767","833","38.8579609","-94.6317098","15","41.8","no notes"
"a20140830","434","medium","Mission","20140830","3898","1922","38.86084335","-94.6272032","15","41.7","no notes"
"a20140901","435","Leawood5K","Timed5K","20140901","5177","2232","38.92726485","-94.6234986","14","35.9","no notes"
"a20140904","436","mini","Mission","20140904","3252","1618","38.8608551","-94.62849105","15","42.5","no notes"
"a20140906","437","church","Mission","20140906","6529","3173","38.8687742","-94.63967775","13","39.9","no notes"
"a20140908","438","short","Mission","20140908","3477","1617","38.8608227","-94.62856085","15","39.6","no notes"
"a20140910","439","medium","Mission","20140910","3917","1868","38.8608344","-94.62719885","15","40.3","no notes"
"a20140912","440","flat","Mission","20140912","1787","760","38.8579648","-94.6317473","15","37.7","no notes"
"a20140914","441","Plaza10K","Timed10K","20140914","10304","4614","39.038285","-94.58304245","13","35.7","no notes"
"a20140917","442","mini","Mission","20140917","3245","1558","38.86077735","-94.62846955","15","41.1","no notes"
"a20140920","443","SacredSteps","Timed5K","20140920","5098","2176","38.8800217","-94.63943385","14","35.5","no notes"
"a20140922","444","r151","Mission","20140922","1248","542","38.8568335","-94.6317535","16","39.3","no notes"
"a20140924","445","r145","Mission","20140924","4530","2036","38.86255035","-94.62715275","15","37.7","no notes"
"a20140927","446","church","Mission","20140927","6509","3295","38.86880105","-94.6397773","13","41.5","no notes"
"a20140930","447","r143","Mission","20140930","2794","1397","38.86366425","-94.63167445","14","43.1","no notes"
"a20141002","448","r151","Mission","20141002","1207","539","38.85690205","-94.63173665","16","40.5","no notes"
"a20141005","449","KCZoo4M","Timed4M","20141005","6522","2859","39.0045724","-94.52998885","14","36","no notes"
"a20141007","450","flat","Mission","20141007","1778","776","38.85798675","-94.6317131","15","38.7","no notes"
"a20141009","451","nobrake1","Mission","20141009","1569","696","38.8608561","-94.6315092","15","39.6","no notes"
"a20141015","452","nobrake1","Mission","20141015","1428","612","38.8605498","-94.6317658","16","38.5","no notes"
"a20141018","453","medium","Mission","20141018","3687","1694","38.86055025","-94.62708945","15","39","no notes"
"a20141020","454","nobrake2","Mission","20141020","2254","1017","38.8589145","-94.6317765","15","39.4","no notes"
"a20141022","455","short","Mission","20141022","3287","1495","38.8605821","-94.62848185","15","38.9","no notes"
"a20141024","456","TableRock1","outside","20141024","4580","2172","36.5735382","-93.6414707","15","39.7","no notes"
"a20141027","457","flat","Mission","20141027","1814","785","38.85789245","-94.63173115","15","38.3","no notes"
"a20141029","458","double","Mission","20141029","5082","2387","38.86057955","-94.6271534","15","39.1","no notes"
"a20141102","459","r151","Mission","20141102","1238","524","38.85680125","-94.63175265","16","38.4","no notes"
"a20141105","460","short","Mission","20141105","3295","1492","38.860569","-94.6285338","15","38.7","no notes"
"a20141108","461","church","Mission","20141108","6514","3190","38.8687709","-94.63975625","13","40.2","no notes"
"a20141110","462","nobrake2","Mission","20141110","2164","1057","38.8589268","-94.63176535","15","42.8","no notes"
"a20141115","463","r143","Mission","20141115","2824","1322","38.86362645","-94.63166745","14","40.4","no notes"
"a20141120","464","medium","Mission","20141120","3716","1715","38.86066435","-94.6271633","15","39.2","no notes"
"a20141122","465","short","Mission","20141122","3273","1530","38.8605672","-94.6285285","15","40","no notes"
"a20141127","466","Sprint5K","Mission","20141127","5057","2166","38.91961215","-94.65710025","14","35.7","no notes"
"a20141129","467","mini","Mission","20141129","3055","1442","38.86060665","-94.62860315","15","40.5","no notes"
"a20141203","468","short","Mission","20141203","3281","1552","38.8605398","-94.62856305","15","40.4","no notes"
"a20141206","469","medium","Mission","20141206","3815","1741","38.8605694","-94.62716205","15","38.7","no notes"
"a20141208","470","r151","Mission","20141208","1261","523","38.8568576","-94.6317987","16","37.5","no notes"
"a20141211","471","short","Mission","20141211","3353","1536","38.86054805","-94.628585","15","39.1","no notes"
"a20141213","472","big","Mission","20141213","4635","2278","38.8606155","-94.6271864","15","41.1","no notes"
"a20141216","473","r151","Mission","20141216","1241","585","38.85674195","-94.63175875","16","42.7","no notes"
"a20141220","474","medium","Mission","20141220","3724","1737","38.860615","-94.6271728","15","39.6","no notes"
"a20141222","475","mini","Mission","20141222","3027","1501","38.8605878","-94.6285301","15","42.6","no notes"
"a20141225","476","short","Mission","20141225","3292","1523","38.86060205","-94.6284598","15","39.5","no notes"
"a20141227","477","nobrake2","Mission","20141227","2246","1062","38.85887905","-94.63168575","15","41.3","no notes"
"a20141229","478","flat","Mission","20141229","1805","803","38.8578599","-94.6317611","15","39.4","no notes"
"a20150101","479","NewYear5K","Timed5K","20150101","5117","2268","38.876444","-94.6629434","14","36.9","no notes"
"a20150103","480","r143","Mission","20150103","2893","1472","38.8636753","-94.63166025","14","43.8","no notes"
"a20150111","481","r151","Mission","20150111","1250","543","38.85674935","-94.6317437","16","39.3","no notes"
"a20150116","482","short","Mission","20150116","3280","1584","38.86057875","-94.62854825","15","41.3","no notes"
"a20150121","483","r151","Mission","20150121","1283","529","38.85675485","-94.63169455","16","37.3","no notes"
"a20150127","485","medium","Mission","20150127","3879","1774","38.86062915","-94.62718655","15","38.7","no notes"
"a20150129","486","nobrake2","Mission","20150129","2198","1056","38.8589663","-94.63173065","15","42.1","no notes"
"a20150131","487","flat","Mission","20150131","1740","816","38.85787245","-94.6316012","15","41.6","no notes"
"a20150203","488","r151","Mission","20150203","1270","543","38.85682465","-94.63162175","16","38.7","no notes"
"a20150207","489","short","Mission","20150207","3249","1626","38.860627","-94.62850915","15","42.8","no notes"
"a20150210","490","r143","Mission","20150210","2818","1346","38.86361965","-94.63159605","14","41.2","no notes"
"a20150212","491","Scottsdale1","outside","20150212","3960","1908","33.5705546","-111.9216769","15","40.7","no notes"
"a20150214","493","Timed3M","outside","20150214","4679","2076","33.56725825","-111.9198891","16","37.1","no notes"
"a20150218","494","NewOrleans1","outside","20150218","3649","1745","29.9514803","-90.0617191","14","40.6","no notes"
"a20150221","495","NewOrleans2","outside","20150221","2286","452","29.95427345","-90.0616473","15","17.3","no notes"
"a20150307","496","medium","Mission","20150307","3679","1839","38.86059635","-94.62723905","15","42.4","48F. Side stitch at 1K. No joint pains"
"a20150311","497","mini","Mission","20150311","3085","1477","38.86064895","-94.62856515","15","41.1","54F. Brief joint pains at the start"
"a20150315","498","sanantonio1","outside","20150315","3027","1477","29.43002335","-98.48885615","15","41.9","63F and humid. GPS glitch at start. No joint pains."
"a20150317","499","sanantonio2","outside","20150317","5669","3130","29.43203985","-98.48664785","14","45.7","66F and humid. GPS glitch at start. Sore muscles at start. Brief left ankle pain at 0.5K."
"a20150319","500","sanantonio3","outside","20150319","8665","4654","29.4369565","-98.48443415","13","43.3","43F. Sore muscles near start. Dizzy after run ended."
"a20150321","501","okc1","outside","20150321","4152","1942","35.2271299","-97.49009885","14","39.4","57F. Slight pain in both ankles."
"a20150323","502","short","Mission","20150323","3314","1599","38.8605573","-94.6285655","15","41.2","37F. Alternated fast and slow minutes. No joint pains."
"a20150327","503","medium","Mission","20150327","3812","1817","38.8604363","-94.62703455","15","40.4","70F. Dry mouth and throat at 2.5K. No joint pains."
"a20150331","504","mini","Mission","20150331","3042","1514","38.8605964","-94.62858975","15","42.7","54F. Slow pace to loosen joints from last evening's kickball session."
"a20150401","505","r151","Mission","20150401","1247","636","38.85681715","-94.63172685","16","46.2","28F. Sore muscles at 1.5K, sore left ankle at 3K, and dizzy at 5K. Alternated fast and slow minutes."
"a20150404","506","double","Mission","20150404","5207","2503","38.8606099","-94.62716195","15","40","61F, cloudy, and muggy. Out of shape but no joint pain."
"a20150425","507","bell","Mission","20150425","2880","1568","38.8532884","-94.63169085","14","46.9","72F, sunny, and hot! Stopped at 0.2K for a chat. Left ankle and foot pain and dizziness."
"a20150502","508","medium","Mission","20150502","3682","2028","38.8605984","-94.62715","15","46.7","63F, sunny, and humid. Tried fast pace but still out of shape. Left ankle twinge."
"a20150505","509","nobrake2","Mission","20150505","2200","1113","38.8588878","-94.6317619","15","44.3","70F, overcast, and humid. Out of shape but no joint pains."
"a20150509","510","short","Mission","20150509","3288","1711","38.8605987","-94.62848155","15","44.5","45F. Alternate fast and slow minutes."
"a20150512","511","mini","Mission","20150512","3045","1486","38.86057265","-94.62849975","15","41.9","57F and rain. Slow start but alternated fast and slow minutes. Sore calves."
"a20150514","512","flat","Mission","20150514","1754","865","38.8578826","-94.6317683","15","43.8","73F and muggy. Slow steady pace. No joint or muscle pains."
"a20150516","513","nobrake2","Mission","20150516","2261","1157","38.85888055","-94.6317659","15","44.7","68F and sunny. Dog spooked by lawn mowers near start. No joint pains."
"a20150518","514","r151","Mission","20150518","1253","629","38.8568828","-94.63176965","16","45.5","48F and post rainstorm. Sore left ankle and right calf. Glitch at start (11 kph!)."
"a20150521","515","flat","Mission","20150521","1832","904","38.8579737","-94.63178035","15","43.7","no notes."
"a20150525","516","mini","Mission","20150525","3061","1621","38.86057985","-94.6284559","15","45.4","71F and light rain. No joint pains. Ran out of gas on no brake hill."
"a20150613","517","mini","Mission","20150613","3044","1557","38.8606288","-94.62844625","15","43.9","72F and cloudy. Very dizzy at 3.75K."
"a20150615","518","r145","Mission","20150615","4661","2614","38.8625919","-94.6271664","15","46.9","73F, cloudy, and humid. Sore muscles at the start. Two poop breaks."
"a20150617","519","short","Mission","20150617","3284","1766","38.8606379","-94.6285071","15","46","72F and humid. Dizzy for most of the run. No joint pain."
"a20150620","520","midnight5K","Timed5K","20150620","5119","2472","38.92028505","-94.6313833","14","40.2","77F and sunny. Dog did well during the run but flopped down twice in the grass during the cool down."
"a20150622","521","short","Mission","20150622","3313","1742","38.8605776","-94.62855305","15","44.9","Dawn run. 69F and muggy. No joint pain or dizziness."
"a20150624","522","r143","Mission","20150624","2842","1460","38.86367255","-94.6316573","14","44.3","63F and early morning sun. Left heel twinge at 3K."
"a20150627","523","church","Mission","20150627","6625","3587","38.86874885","-94.63963335","13","44.4","75F and sunny. Slight twinge in left heel at 0.5K."
"a20150629","524","nobrake2","Mission","20150629","2206","1172","38.85893415","-94.63173095","15","46.5","Dawn run. 75F and humid. Left heel twinge just at start. Very much out of shape."
"a20150702","525","r143","Mission","20150702","2793","1542","38.86355575","-94.6316769","14","47.6","66F. Tired and left heel pain during warmup. Traffic jam at start (1400 runners). Dizzy at 2.5K."
"a20150704","526","Ward4M","Timed4M","20150704","6617","3199","38.96885515","-94.60342445","14","39.6","Dawn run, 72F and humid. Out of shape but no joint pain."
"a20150706","527","r143","Mission","20150706","2809","1567","38.86363965","-94.63161315","14","48.1","Unusually cool 66F. Sore calves at 2K. Dog flopped down afterwards."
"a20150709","528","medium","Mission","20150709","3728","1904","38.86057155","-94.6271958","15","43.3","75F, sunny, and humid. Left dog behind after warmup. Dizzy at 3.5K. No joint pain."
"a20150711","529","big","Mission","20150711","4640","2442","38.86057985","-94.627182","15","44.1","Very hot even in mid-morning, 82F. Slight pain in left heel. Bathroom break big GPS error at 3.8K."
"a20150713","530","steeple1","Mission","20150713","5443","3028","38.86371655","-94.6285396","14","46.1","75F. Early morning sun. Dog was holding back but just during first leg. No joint pain."
"a20150715","531","flat","Mission","20150715","1745","914","38.85797615","-94.63172745","15","46.5","Early morning but still hot 75F and very humid. Left dog behind. Sore but no joint pains."
"a20150718","532","r143","Mission","20150718","2800","1525","38.8634913","-94.63164615","14","47","81F and midday sun. No dog. Relaxed pace. Very sore muscles but no joint pain."
"a20150721","533","roepark","nearby","20150721","5140","2757","38.9351331","-94.64406475","14","44.6","81F and midday sun. Alternated fast and slow minutes until near end. No joint pains, no dizziness."
"a20150723","534","leawoodpark","nearby","20150723","4878","2398","38.9329475","-94.63181615","14","41","81F and midday sun. Alternated fast and slow. Low back pain, maybe unrelated."
"a20150725","535","r143","Mission","20150725","2754","1449","38.8635769","-94.6316925","14","45.4","Heat advisory, 93F, humid, midday sun. Tried alternate fast/slow minutes. No joint pains."
"a20150728","536","short","Mission","20150728","3206","1740","38.86061455","-94.62848115","15","46.4","81F and midday sun. Alternate fast/slow. Brief left heel pain early. No dog."
"a20150730","537","r145","Mission","20150730","4198","2197","38.8626015","-94.62858055","15","44.1","79F and mid morning sun. Slow and steady up to 4K. Chest muscle pain before run."
"a20150801","538","r138","Mission","20150801","4928","2729","38.8681976","-94.63170365","14","46.2","Late morning, post storm and cloudy. 73F. Dog ran with me. Left ankle pain at 4K. Dizzy at end."
"a20150808","539","school","Mission","20150808","4938","2715","38.86623415","-94.62881465","14","45.9","75F and early morning sun. Ran with dog, one poop break at 17 minutes. Brief right knee twinge."
"a20150810","540","nobrake2","Mission","20150810","2233","1222","38.8588927","-94.6317607","15","47.9","70F and morning sun. Left ankle twinge at start. One poop break at 8 minutes. Alternated fast/slow."
"a20150813","541","medium","Mission","20150813","3705","1965","38.86055035","-94.62720845","15","45","79F and morning sun. Took the dog, but she did not tolerate heat well. Sore muscle in lower back."
"a20150815","542","r143","Mission","20150815","2813","1562","38.8636375","-94.6316681","14","47.9","75F and morning sun. No dog. Alternate fast/slow. Left ankle and left lower back pain."
"a20150817","543","steeple1","Mission","20150817","5129","2705","38.8636834","-94.62854535","14","43.9","57F and cloudy. Took dog and she enjoyed run. Slow and steady pace. No joint or muscle pain."
"a20150819","544","steeple2","Mission","20150819","5329","2798","38.8636633","-94.6272384","14","43.6","79F and midday sun. Left dog behind. Slow and steady pace. Quick bathroom break. No pains."
"a20150821","545","double","Mission","20150821","5108","2833","38.86052935","-94.6271613","15","46.2","75F and sunny. Took dog. Borderline but okay. Slow and steady pace. Left ankle twinge at 3K."
"a20150823","546","short","Mission","20150823","3234","1740","38.86058615","-94.6285319","15","46","57F and sunny. Dog was mostly okay. Short detour and bathroom break. Very tired but no joint pains."
"a20150825","547","fairwayx","Mission","20150825","8053","4395","38.86379735","-94.62253535","14","44.2","72F, partly cloudy, and humid. Took dog and she was mostly okay. Dizzy at 3.3K. No joint pains."
"a20150828","548","medium","Mission","20150828","3768","1952","38.8605865","-94.62717755","15","43.9","66F and early morning fog. Dog was fine. Sore back calves before 1K. No joint pains."
"a20150830","549","r143","Mission","20150830","2818","1489","38.86358015","-94.63167505","14","45.6","88F and midday sun. No dog. Ran fast for first 9/10 minutes. Sore left ankle at 1K and dizzy at 2K.."
"a20150902","550","mini","Mission","20150902","3030","1569","38.86057715","-94.62851795","15","44.5","81F and sunny. No dog. Ran first 2K in 16 min. Brief left ankle pain at 3 min. Very dizzy at 2.5K.."
"a20150907","552","Leawood5K","Timed5K","20150907","5073","2420","38.9272926","-94.62351005","14","39.7","73F and light to moderate rain. Left ankle pain that started during warmup."
"a20150911","553","short","Mission","20150911","3354","1551","38.86063625","-94.62852495","15","39.5","73F and sunny. No dog. Fast pace for first 2K, moderate pace after. Sore left heel during warmup."
"a20150913","554","Plaza10K","Timed10K","20150913","10181","4771","39.0381971","-94.5830541","13","37.4","59F and partly cloudy. Left ankle pain and very sore calves right from the start."
"a20150915","555","mini","Mission","20150915","3034","1639","38.8606194","-94.62857045","15","46.4","64F, cloudy, handful of raindrops at playground. Slow but muscles very sore. Left heel pain early."
"a20150917","556","block","Mission","20150917","3939","2167","38.8637493","-94.6396606","14","46.5","72F and early sun. Slow and steady. Dog loved the run. Sore calves at 1.5K and sore left heel at 2K."
"a20150919","557","kenneth","Mission","20150919","9322","5112","38.86628445","-94.62256315","14","44","52F and morning sun. Alternate fast and slow. Dog did well mostly. Sore left hip and knees at 8K."
"a20150922","558","mini","Mission","20150922","3084","1473","38.86063925","-94.6285413","15","41","64F and early morning sun. Dog was hesitant, but did fine. Fast pace. No serious aches."
"b20150922","559","medium","Mission","20150924","3690","1865","38.8606504","-94.62718035","15","42.9","64F and cloudy. Dog was mostly okay. Tried fast pace. Right ankle twinge."
"c20150922","560","KCZoo4M","Timed4M","20150926","6551","3135","39.00458655","-94.5300551","14","39.2","63F and morning sun. Sore left ankle and calves at start. Sore right knee at end."
"d20150922","561","short","Mission","20150928","3275","1727","38.8605684","-94.62843","15","45.1","59F and morning sun. Dog was reluctant but did fine. Slow steady pace. No joint pains."
"a20150930","562","mini","Mission","20150930","3105","1507","38.860646","-94.62846175","15","41.6","70F and midday sun. Left dog behind. Alternated fast and slow minutes. Sore calves, no joint pains."
"a20151003","563","church2","Mission","20151003","6430","3409","38.86966865","-94.63976645","13","43.5","43F and morning sun. Hands very cold. Dog came and did very well. Alternated fast/slow. No pains."
"a20151005","564","medium","Mission","20151005","3720","1784","38.86055","-94.6272013","15","40.7","54F and cloudy. The dog did well. Tried consistent fast pace. Left ankle pain midway."
"a20151007","565","steeple1","Mission","20151007","5074","2741","38.8637265","-94.62847385","14","45","66F and midday sun. Dog did well. Ran 1 fast/2 later 1 fast/4 minutes. No pains or aches."
"a20151010","566","olathe5k","Mission","20151010","5090","2368","38.88734095","-94.768742","14","38.7","40s and early morning sun. 5K race that allowed dogs."
"a20151013","567","medium","Mission","20151013","3742","1842","38.8605743","-94.6271443","15","41.7","46F and morning sun. Dog was reluctant runner at first. Right ankle pain at 2K."
"a20151015","568","r143x","Mission","20151015","1955","1017","38.8617195","-94.6316929","15","45.9","70F and cloudy. Evening run. Dog was a bit reluctant at first. Turned around because of sprinklers."
"a20151017","569","church2","Mission","20151017","6436","3251","38.8697556","-94.6397034","13","41.5","45F and sunny. Alternated fast/slow minutes. No joint pains."
"a20151019","570","short","Mission","20151019","3338","1630","38.86051685","-94.6285572","15","41.7","55F and sunny. Dog was fine. Alternated fast/slow minutes. Sore back calves but no joint pains."
"a20151021","571","medium","Mission","20151021","3750","1839","38.860529","-94.62714165","15","41.6","66F and sunny. Dog reluctant at first. Alternated fast/slow minutes. Sore calves, no joint pains."
"a20151024","572","block","Mission","20151024","3945","2047","38.86377515","-94.63976035","14","43.9","55F and cloudy. New shoes. Numb middle toes on right and ankle pain on left."
"a20151026","573","short","Mission","20151026","3341","1610","38.86059445","-94.6285737","15","41.1","45F and sunny. Alternated fast/slow minutes. Right shoe still a bit tight, but better. No pains."
"a20151028","574","short","Mission","20151028","3318","1646","38.8605611","-94.6285435","15","42.4","59F and sunny. Slow, steady pace. Left ankle pain and numb right toes."
"a20151030","575","mini","Mission","20151030","3116","1511","38.86056815","-94.62851125","15","41.6","45F and rain. Wore running jacket and shorts. Dog was fine. Tried fast pace. Left heel pain."
"a20151101","576","cliff","Timed8K","20151101","8231","3772","39.11578855","-94.54474645","13","37.1","54F and sunny. Dizzy at 2K, untied shoe at 3.8K. No joint pains."
"a20151103","577","r143","Mission","20151103","2812","1506","38.86359955","-94.6316284","14","46.2","48F at dawn. Slow steady pace. New shoes starting to fit better."
"a20151106","578","block","Mission","20151106","3916","2024","38.86373975","-94.6397083","14","43.7","65F, humid, after sunset. Traffic problems at 143rd near Nall. Same shoe problems."
"a20151107","579","church2","Mission","20151107","6480","3242","38.8697148","-94.6397119","13","41","41F. Dawn run. Old shoes. No aches or joint pains."
"a20151109","580","big","Mission","20151109","4475","2349","38.860594","-94.62713615","15","44","34F and morning sun. Dog puked at 3K. Old shoes, no aches or joint pains."
"a20151111","581","mini","Mission","20151111","3067","1539","38.86056235","-94.62856155","15","43.1","63F and cloudy. Storm threatened but never came. New shoes again but only minor problems."
"a20151114","582","church2","Mission","20151114","6516","3383","38.86965265","-94.6397905","13","42.6","43F at start, 50F at end. Slow steady pace. Old shoes. Sore back calves but no joint pains."
"a20151119","583","double","Mission","20151119","5129","2433","38.86056615","-94.62715895","15","39.5","57F and sunny. No dog per vets advice. Alternated fast/slow minutes. New shoes starting to break in."
"a20151121","584","church2","Mission","20151121","6437","3343","38.8696317","-94.63972505","13","42.6","33F and blustery. New shoes slowly getting better. Slow steady pace."
"a20151125","585","r143","Mission","20151125","2811","1292","38.86361955","-94.6317079","14","39.6","54F, night run. Sore left heel and right knee during warmup. Steady fast pace."
"a20151126","586","Sprint5K","Timed5K","20151126","5073","2296","38.92059785","-94.65554635","14","37.7","61F and drizzle. Sore calves at start, very sore right back thigh at 3K. Coasted last 2K. 38:19.9."
"a20151128","587","mini","Mission","20151128","3123","1609","38.8605547","-94.628632","15","44.2","32F and rainy. No ice. Aches everywhere, biggest was left back thigh."
"a20151202","588","bell","Mission","20151202","2845","1456","38.85327415","-94.6317648","14","44.1","34F, clouds, light wind. Minor left heel ache only problem. Tried running fast up, slow down."
"a20151204","589","mediumx","Mission","20151204","1896","898","38.86061355","-94.62710725","15","41.8","55F and sunny. Both heels sore during warmup. Alternated fast/slow. Back left thigh cramp."
"a20151206","590","medium","Mission","20151206","3656","2229","38.86049885","-94.6271814","15","51.8","54F and sunny. Sore back left thigh during warmup. Sore calves late. Very slow pace."
"a20151208","591","short","Mission","20151208","3186","1790","38.86057285","-94.62858265","15","48.1","55F, cloudy, light wind. Right knee and ankle twinges during warmup. Sore back left thigh."
"a20151210","592","short","Mission","20151210","3315","1722","38.86059405","-94.6285518","15","44.4","57F, sunny, light wind. Sore muscles above and below both knees. Back left calf hurts a bit less."
"a20151212","593","medium","Mission","20151212","3724","1868","38.86058165","-94.6271525","15","42.5","46F, cloudy, no wind. Right ankle pain during warmup. Only very minor muscle aches."
"a20151215","594","mini","Mission","20151215","3039","1444","38.8605945","-94.62852595","15","40.8","54F, sunny, light wind. Minor aches everywhere but nothing major."
"a20151219","595","medium","Mission","20151219","3726","1745","38.86057905","-94.6271786","15","39.7","36F,sunny, no wind. No gloves needed. Sore calves at 2.5K, but no joint pain."
"a20151221","596","short","Mission","20151221","3263","1660","38.8605829","-94.628581","15","43.5","36F, cloudy, light wind. Long sleeve shirt, shorts, no gloves. Left back thigh sore at 5 minutes."
"a20151225","597","big","Mission","20151225","4584","2189","38.86055855","-94.62724785","15","40","37F, sunny, no wind. Took off gloves at 13 min. No notable aches or pains."
"a20151227","598","short","Mission","20151227","3257","1706","38.8606351","-94.6285846","15","44.8","No notes."
"a20160101","599","NewYear5K","Timed5K","20160101","5113","2291","38.87645995","-94.66286695","14","37.3","27F, light wind, sunny. Untied shoe at 16 minutes. No major aches or pains."
"a20160105","600","r143","Mission","20160105","2826","1454","38.8636464","-94.63178505","14","44.4","21F, sunny, but windy, especially on return. Calf aches at 6 and 11 minutes."
"a20160109","601","church2","Mission","20160109","6468","3108","38.86965565","-94.63974445","13","39.4","23F, cloudy, cold NW wind. Numb right toes at 30 minutes. No aches or pains."
"a20160115","602","short","Mission","20160115","3260","1618","38.86055065","-94.62851285","15","42.4","30F and windy. One layer, took off gloves at 12 minutes. Sore right foot during warmup."
"a20160129","603","medium","Mission","20160129","3619","1688","38.86060185","-94.62718115","15","39.6","57F and sunny. Fast and steady for first 2K, then slower. Left heel pain at 2K"
"a20160201","604","r143","Mission","20160201","2892","1304","38.86356245","-94.6317597","14","38.8","39F, cloudy, calm. Running jacket and shorts. No aches or joint pains."
"a20160206","605","church2","Mission","20160206","6451","3087","38.86967215","-94.63975715","13","39.3","34F, sunny, calm. Alternated fast/slow minutes. Gloves until 11 minutes. No pains."
"a20160216","606","r143","Mission","20160216","2784","1351","38.86364255","-94.63172115","14","41.9","45F, breezy, morning sun. Running jacket and pants. Sore muscles at 5 min."
"a20160219","607","SanDiego-3","Outside","20160219","4834","2231","32.70910925","-117.1661747","14","38.5","63F, light wind, after sunset. Tight right toes at 32 min. No major aches or pains."
"a20160221","608","SanDiego-4","Outside","20160221","1746","725","32.7200813","-117.1733638","15","36.9","63F, calm evening. Sore muscles at start. Untied shoe at 6 min."
"a20160302","609","short","Mission","20160302","3218","1687","38.8605409","-94.6285347","15","44.9","48F, sunny, windy. Sinus pain during warmup. Stopped for ambulance at 25 minutes."
"a20160304","610","mini","Mission","20160304","3119","1512","38.8606251","-94.628499","15","41.6","55F, sunny, light wind. New shoes. Sore ankles during warmup."
"a20160306","611","r143","Mission","20160306","2831","1388","38.86363685","-94.6317011","14","42.3","46F, light wind, dawn. Shorts and tshirt. Brief right ankle pain."
"a20160308","612","roe","Mission","20160308","4555","2183","38.8637418","-94.6351929","14","40.2","57F, cloudy, light wind. Tight toes, but no aches or pains."
"a20160312","613","stpat4M","Timed4M","20160312","6689","3114","39.05885645","-94.58731515","14","38.1","52F, cloudy. Tight toes at 30 minutes. Sore knees after finish."
"a20160314","614","miami2","Outside","20160314","7708","4328","25.7795889","-80.13024635","13","45.6","75F, cloudy, humid. No aches or pains."
"a20160316","615","miami3","Outside","20160316","4524","2430","25.79868975","-80.1254719","14","45","72F, humid, pre-dawn run. Padded little toes. No aches or pains."
"a20160319","617","keywest1","Outside","20160319","5142","2884","24.5526548","-81.80272465","14","46.7","81F, sunny, muggy. Several wrong turns. No aches or pains."
"a20160321","618","mini","Mission","20160321","2980","1472","38.8605717","-94.6285188","15","42.5","61F, sunny, windy. Sore calf muscles early, dizzy at 23 minutes. Old shoes, no joint pains."
"a20160323","619","medium","Mission","20160323","3698","1768","38.8605919","-94.6271602","15","40.6","63F, cloudy, very windy. Alternated fast/slow. New shoes were fine. No joint pains. "
"a20160326","620","r143","Mission","20160326","2830","1389","38.8636341","-94.6316913","14","42.3","54F, light wind, just after sunset. Very stiff at start. Alternated fast/slow minutes."
"a20160327","621","block","Mission","20160327","3871","1849","38.86373185","-94.6397072","14","40.4","52F, late afternoon sun, light wind. Alternated fast/slow minutes. No aches or pains."
"a20160330","622","short","Mission","20160330","3268","1644","38.8605764","-94.62852905","15","43","57F, cloudy, light wind. Slow and steady. Calves very sore at 11 minutes."
"a20160403","623","Chicago2","Outside","20160403","2789","1573","41.88591845","-87.61755185","15","48.7","30F at dawn. Only shorts and t. Very cold until 15 min. Stairs at 2 min, untied shoe at 5 min."
"a20160405","624","r143","Mission","20160405","2821","1276","38.8636336","-94.63169855","14","39","43F, sunny. Alternated fast/slow. No aches or pains. Dizzy at 18 min."
"a20160407","625","mini","Mission","20160407","3051","1383","38.8605648","-94.6285465","15","38.9","63F, sunny, very strong wind from west. Dizzy at 23 min. Alternated fast/slow."
"a20160409","626","block","Mission","20160409","3906","1814","38.86368225","-94.6397948","14","39.3","42F, sunny. Running jacket/pants, no gloves. Alternated fast/slow. No aches or pains."
"a20160411","627","short","Mission","20160411","3282","1508","38.8605818","-94.6286027","15","39.3","54F, sunny, windy. Alternated fast/slow. Sore lower calves at 15 min."
"a20160413","628","r151","Mission","20160413","1244","501","38.856819","-94.6317724","16","36.5","54F, sunny. Ran all out for as long as I could. No aches or pains."
"a20160416","629","bellcircle","Mission","20160416","10033","5179","38.8565913","-94.6396681","13","41.3","bellcircle 55F, cloudy. Slow and steady. Tight toes at 34 min, sore right hip at 42 min."
"a20160418","630","r143","Mission","20160418","2845","1483","38.8636338","-94.6316808","14","44.9","61F, drizzle then light rain. Slow and steady. Sore muscles but no joint pains."
"a20160420","631","mini","Mission","20160420","3029","1429","38.86054205","-94.62854745","15","40.5","64F, sunny. Alternated fast/slow. High right ankle pain. Dizzy at end."
"a20160423","632","block","Mission","20160423","3894","2246","38.8637285","-94.6397919","14","48.8","48F, sunny. Very slow pace to stretch and work out kinks."
"a20160424","633","trolley","Timed4M","20160424","6538","2772","39.0168007","-94.589275","12","34.8","63F, sunny. Sore ankles at start, dizzy near finish."
"a20160426","634","mini","Mission","20160426","3047","1632","38.8606034","-94.62854935","15","46","63F, rain but mostly after run. Left ankle pain during warmup, pain in both heels early."
"a20160428","635","short","Mission","20160428","3277","1745","38.8605611","-94.6285705","15","45.5","55F, sunny. Sore left heel during warmup. Right thigh cramp at 2K."
"a20160430","636","block","Mission","20160430","3983","1989","38.8638432","-94.63975815","14","42.2","61F, partly sunny, humid. Tight toes at 24 min. Right thigh cramp at 5 min. Sore left heel."
"a20160503","637","r143","Mission","20160503","2796","1418","38.8636304","-94.6316694","14","43.8","45F, dawn run. Running jacket and shorts. Alternated fast/slow. Slight twinge in left heel."
"a20160505","638","block","Mission","20160505","3931","1981","38.8637128","-94.639738","14","42.6","48F, dawn run. Block. Alternated fast/slow. T shirt. Stiff left ankle during warmup, sore at 20 min."
"a20160507","639","medium","Mission","20160507","3678","1850","38.86049915","-94.6272034","15","42.7","63F, sunny. Medium. Moderate pace. Sore left ankle during warmup, twinge in right ankle at 3 min."
"a20160517","641","short","Mission","20160517","3237","1741","38.8605975","-94.6285494","15","46","54F, partly sunny. Small loop. Very slow. Sore left ankle, also right ankle and knee, left hip."
"a20160524","642","r143","Mission","20160524","2860","1635","38.86363435","-94.63172735","14","49.3","Rain and thunder"
"a20160528","643","block","Mission","20160528","3968","2046","38.863838","-94.63976985","14","43.6","63F, partly cloudy, humid. Block. Sore left ankle early, sore right knee, achy thigh late."
"a20160530","644","Loose8K","Timed8K","20160530","8167","4053","39.0232448","-94.59747325","13","40.2","72F, sunny. Very sore ankles during warmup. Tight right toes at 3K, sore high left ankle at 4K."
"a20160601","645","r143","Mission","20160601","2822","1681","38.86364215","-94.6316892","14","51.4","64F, dawn run. R143. Sore calves during warmup, right hip pain at 2K."
"a20160605","646","sixdot","Timed6K","20160605","6225","3194","39.2777061","-76.6083391","14","42.2","73F, cloudy, humid. Left GPS on extra min. Untied shoe before 1 min, rock in shoe late. No aches."
"a20160609","647","r143","Mission","20160609","2860","1488","38.86364045","-94.63171525","14","44.8","70F, early sun. No headphones. R143. No aches or pains."
"a20160611","648","block","Mission","20160611","3893","1992","38.8636851","-94.63979655","14","43.3","70F, early sun. No headphones. R143. No aches or pains."
"a20160630","650","r143","Mission","20160630","2848","1818","38.8636351","-94.63168055","14","55","70F, early sun. No headphones. R143. No aches or pains."
"a20160702","651","block","Mission","20160702","3926","2213","38.8638381","-94.639728","14","47.7","70F, early sun. No headphones. R143. No aches or pains."
"a20160704","652","Ward4M","Timed4M","20160704","6634","3454","38.96879325","-94.6034661","14","42.7","70F, early sun. No headphones. R143. No aches or pains."
"a20160709","653","medium","Mission","20160709","3784","2238","38.860585","-94.62719825","15","50.1","75F, sunny. Very slow pace. Tired but no aches or pains."
"a20160715","654","r143","Mission","20160715","2817","1605","38.86362845","-94.6316258","14","49.1","81F, sunny. R143. No joint pains."
"a20160716","655","medium","Mission","20160716","3668","2046","38.8605897","-94.62719525","15","47.4","73F and sunny. Medium. No joint pains."
"a20160718","656","r143","Mission","20160718","2911","1576","38.8636293","-94.63172255","14","46.6","75F, humid, dawn run. Sore thigh muscles at 8 minutes."
"a20160721","657","block","Mission","20160721","3915","2171","38.86370625","-94.6397245","14","46.9","79F, dawn run, humid. Block. No aches or pains."
