"","file_name","cen_x","cen_y","zoom"
"1","../r04/Track 002",38.8825028,-94.63989945,13
"2","../r04/Track 003",38.8606315,-94.6285167,16
"3","../r04/Track 004",41.87013455,-87.6183642,14
"4","../r04/Track 005",41.87795725,-87.61779115,15
"5","../r04/Track 006",41.86980005,-87.61322965,15
"6","../r04/Track 007",38.86056755,-94.6271423,16
"7","../r04/Track 008",38.8639617,-94.6397359,15
"8","../r04/Track 009",38.8606023,-94.62831055,16
"9","../r04/Track 010",38.86373955,-94.63889195,15
"10","../r04/Track 011",38.86369955,-94.63973485,15
"11","../r04/Track 012",38.860771,-94.6272845,16
"12","../r03/Track 001",38.5088826,-94.67983315,16
"13","../r03/Track 002",38.8608506,-94.62718245,16
"14","../r03/Track 003",38.8687914,-94.6397584,15
"15","../r03/Track 004",38.86082095,-94.6285714,16
"16","../r03/Track 005",38.86085115,-94.6271506,16
"17","../r03/Track 006",38.9212713,-94.6443555,16
"18","../r03/Track 007",38.8590103,-94.63172855,16
"19","../r03/Track 008",38.85797615,-94.6316982,16
"20","../r03/Track 009",38.64405505,-94.6960647,17
"21","../r03/Track 010",38.8590741,-94.63169045,16
"22","../r03/Track 011",38.85794425,-94.63177865,16
"23","../r03/Track 012",38.86868635,-94.63975555,15
"24","../r03/Track 013",38.85904905,-94.63172015,16
"25","../r03/Track 014",38.8636698,-94.6316254,15
"26","../r03/Track 015",38.8608006,-94.6285529,16
"27","../r03/Track 016",38.85905175,-94.631739,16
"28","../r03/Track 017",38.8567605,-94.6317679,17
"29","../r03/Track 018",38.8567955,-94.63181525,17
"30","../r03/Track 019",38.8608338,-94.6271685,16
"31","../r03/Track 020",38.8638227,-94.6285343,15
"32","../r03/Track 021",38.9195252,-94.6567388,15
"33","../r03/Track 022",38.8636536,-94.63163945,15
"34","../r03/Track 023",38.8608303,-94.62716045,16
"35","../r03/Track 024",38.8636947,-94.6316668,15
"36","../r03/Track 025",38.8687311,-94.6397145,15
"37","../r03/Track 026",38.8608247,-94.6285178,16
"38","../r03/Track 027",38.86092295,-94.6272197,16
"39","../r03/Track 028",38.8637974,-94.62717395,15
"40","../r03/Track 029",38.857957,-94.6317531,16
"41","../r03/Track 030",38.8567662,-94.63161395,17
"42","../r03/Track 031",38.85907295,-94.63178515,16
"43","../r03/Track 032",38.86370855,-94.63173245,15
"44","../r03/Track 033",38.8589535,-94.6316907,16
"45","../r03/Track 034",38.8578736,-94.6317816,16
"46","../r03/Track 035",38.8677881,-94.6397229,14
"47","../r03/Track 036",38.85678135,-94.6317662,17
"48","../r03/Track 037",38.8636151,-94.63162995,15
"49","../r03/Track 038",38.85790785,-94.63173655,16
"50","../r03/Track 039",38.8590917,-94.6317526,16
"51","../r03/Track 040",38.8608814,-94.62719575,16
"52","../r03/Track 041",38.86089475,-94.62852855,16
"53","../r03/Track 042",38.86085295,-94.6271899,16
"54","../r03/Track 043",38.86364645,-94.63161245,15
"55","../r03/Track 044",38.8590215,-94.6317322,16
"56","../r03/Track 045",38.8578894,-94.6317713,16
"57","../r03/Track 046",38.8625681,-94.6271617,16
"58","../r03/Track 047",38.85683595,-94.63147495,17
"59","../r03/Track 048",38.8636231,-94.6316533,15
"60","../r03/Track 049",38.86880465,-94.639684,15
"61","../r03/Track 050",38.85683265,-94.6317068,17
"62","../r03/Track 051",38.8579143,-94.6317163,16
"63","../r03/Track 052",38.86367755,-94.63164225,15
"64","../r03/Track 053",38.8608566,-94.6284928,16
"65","../r03/Track 054",38.856796,-94.6316561,17
"66","../r03/Track 055",38.85677825,-94.63179145,17
"67","../r03/Track 056",38.8608804,-94.6271891,16
"68","../r03/Track 057",38.88649995,-94.62251985,16
"69","../r03/Track 058",38.88650425,-94.62263095,16
"70","../r03/Track 059",38.8578825,-94.63175225,16
"71","../r03/Track 060",19.99226295,-155.8260029,17
"72","../r03/Track 061",19.9922817,-155.8259487,17
"73","../r03/Track 062",19.9922426,-155.8260798,17
"74","../r03/Track 063",19.99220025,-155.8259989,17
"75","../r03/Track 064",38.85902925,-94.63175395,16
"76","../r03/Track 065",38.86261225,-94.6269725,16
"77","../r03/Track 066",38.86365075,-94.6317018,15
"78","../r03/Track 067",38.86089945,-94.62715715,16
"79","../r03/Track 068",38.8608787,-94.6285108,16
"80","../r03/Track 069",38.86089885,-94.62713265,16
"81","../r03/Track 070",38.85905365,-94.6317144,16
"82","../r03/Track 071",38.8687897,-94.63981615,15
"83","../r03/Track 072",38.85804625,-94.63179125,16
"84","../r03/Track 073",38.8608892,-94.62709025,16
"85","../r03/Track 074",38.9202682,-94.6308395,15
"86","../r03/Track 075",38.86374855,-94.6316745,15
"87","../r03/Track 076",38.85681205,-94.63174425,17
"88","../r03/Track 077",38.86779255,-94.63976845,14
"89","../r03/Track 078",38.86084535,-94.62854765,16
"90","../r03/Track 079",38.857922,-94.6317396,16
"91","../r03/Track 080",38.8568078,-94.6317615,17
"92","../r03/Track 081",38.85897685,-94.6318224,16
"93","../r03/Track 082",38.8568035,-94.63179555,17
"94","../r03/Track 083",38.8578693,-94.6317843,16
"95","../r03/Track 084",38.8636478,-94.6317617,15
"96","../r03/Track 085",38.86088725,-94.62718455,16
"97","../r03/Track 086",38.8606289,-94.6317455,17
"98","../r03/Track 087",38.8609428,-94.6285211,16
"99","../r03/Track 088",38.86363895,-94.6315948,15
"100","../r03/Track 089",38.8569222,-94.6316953,17
"101","../r03/Track 090",38.86090525,-94.62849775,16
"102","../r03/Track 091",38.86257695,-94.62714725,16
"103","../r03/Track 092",38.86063625,-94.6317832,17
"104","../r03/Track 093",38.85679145,-94.6315768,17
"105","../r03/Track 094",38.8608525,-94.6271942,16
"106","../r03/Track 095",38.86364755,-94.6316542,15
"107","../r03/Track 096",38.8637664,-94.6270979,15
"108","../r03/Track 098",38.86081215,-94.62842565,16
"109","../r03/Track 099",38.8590098,-94.6317839,16
"110","../r03/Track 100",38.86087625,-94.62712155,16
"111","../r03/Track 101",38.85791605,-94.63169525,16
"112","../r03/Track 102",38.8636033,-94.6316627,15
"113","../r03/Track 103",38.8607113,-94.63179935,17
"114","../r03/Track 104",38.85686395,-94.631792,17
"115","../r03/Track 105",38.8579787,-94.6317857,16
"116","../r03/Track 106",45.5081907,-73.56672565,17
"117","../r03/Track 107",45.50807155,-73.5666883,17
"118","../r03/Track 108",38.8568431,-94.6317035,17
"119","../r03/Track 109",38.85788415,-94.6317187,16
"120","../r03/Track 110",38.86088565,-94.6285687,16
"121","../r03/Track 111",38.8606844,-94.6316442,17
"122","../r03/Track 112",38.8577786,-94.6314973,16
"123","../r03/Track 113",38.86387465,-94.62711805,15
"124","../r03/Track 114",38.8567758,-94.63173535,17
"125","../r03/Track 115",38.85790815,-94.6317073,16
"126","../r03/Track 116",38.86459045,-94.65217365,16
"127","../r03/Track 117",38.92724835,-94.62352325,16
"128","../r03/Track 118",38.86516285,-94.6432849,16
"129","../r03/Track 119",38.86296535,-94.6516099,16
"130","../r03/Track 120",38.862854,-94.6516427,16
"131","../r03/Track 121",38.865138,-94.6434282,16
"132","../r03/Track 122",38.86288605,-94.6516658,16
"133","../r03/Track 123",38.8628575,-94.65165925,16
"134","../r03/Track 125",38.6413334,-93.37656055,16
"135","../r03/Track 126",38.8630647,-94.65674515,15
"136","../r03/Track 127",38.86466955,-94.6521208,16
"137","../r03/Track 128",38.8624887,-94.64730365,17
"138","../r03/Track 129",38.86456605,-94.6522216,16
"139","../r03/Track 130",38.860867,-94.6285058,16
"140","../r03/Track 131",44.9673121,-93.22880675,15
"141","../r03/Track 132",38.8608079,-94.62707555,16
"142","../r03/Track 133",38.85793305,-94.6317675,16
"143","../r03/Track 134",38.85902575,-94.6315807,16
"144","../r03/Track 135",38.8636106,-94.63160095,15
"145","../r03/Track 136",38.8608749,-94.6269903,16
"146","../r03/Track 137",40.7611662,-73.978303,15
"147","../r03/Track 138",38.86087265,-94.62848585,16
"148","../r03/Track 139",38.86824595,-94.6316379,15
"149","../r03/Track 140",38.8567967,-94.6317363,17
"150","../r03/Track 141",38.85793355,-94.63179245,16
"151","../r03/Track 142",38.8579424,-94.6317714,16
"152","../r03/Track 143",38.85911255,-94.63177575,16
"153","../r03/Track 144",38.91968495,-94.65722285,15
"154","../r03/Track 145",38.86362195,-94.6316754,15
"155","../r03/Track 146",38.8608217,-94.62718985,16
"156","../r03/Track 147",38.86094035,-94.6285788,16
"157","../r03/Track 148",38.85796585,-94.6317231,16
"158","../r03/Track 149",38.86084255,-94.6271738,16
"159","../r03/Track 150",38.8625932,-94.6271696,16
"160","../r03/Track 151",38.86067215,-94.6317736,17
"161","../r03/Track 152",38.86360135,-94.63169365,15
"162","../r03/Track 153",38.85790845,-94.63178145,16
"163","../r03/Track 154",38.8608214,-94.62719505,16
"164","../r03/Track 155",38.96315065,-94.6245066,16
"165","../r03/Track 156",38.8607353,-94.63178495,17
"166","../r03/Track 157",38.8590849,-94.63182615,16
"167","../r03/Track 158",38.8608855,-94.6285539,16
"168","../r03/Track 159",38.85670435,-94.6317943,17
"169","../r03/Track 160",38.99086015,-77.0958833,15
"170","../r03/Track 161",38.86069005,-94.6318332,17
"171","../r03/Track 162",38.86088425,-94.62715795,16
"172","../r03/Track 163",38.8578646,-94.63176105,16
"173","../r03/Track 164",38.8568044,-94.63174555,17
"174","../r03/Track 165",38.8606609,-94.63183045,17
"175","../r03/Track 166",38.8579432,-94.63177315,16
"176","../r03/Track 167",38.86087675,-94.6271766,16
"177","../r03/Track 168",38.86086485,-94.6285926,16
"178","../r03/Track 169",38.86083845,-94.627156,16
"179","../r03/Track 170",38.86365675,-94.63167885,15
"180","../r03/Track 171",28.36804745,-81.5570931,16
"181","../r03/Track 172",28.36817355,-81.5570931,16
"182","../r03/Track 173",28.36461605,-81.55612335,16
"183","../r03/Track 174",26.09192315,-77.53937715,16
"184","../r03/Track 175",38.8567867,-94.6317405,17
"185","../r03/Track 176",38.8687329,-94.63981325,15
"186","../r03/Track 177",38.8608863,-94.62850215,16
"187","../r03/Track 178",38.85790475,-94.63166385,16
"188","../r03/Track 179",38.8681648,-94.6316216,15
"189","../r03/Track 180",38.8608639,-94.62714945,16
"190","../r03/Track 181",38.8590254,-94.631744,16
"191","../r03/Track 182",38.86382055,-94.6224998,15
"192","../r03/Track 183",38.8608445,-94.6285384,16
"193","../r03/Track 184",38.85317735,-94.63164985,15
"194","../r03/Track 185",38.8638064,-94.6225162,15
"195","../r03/Track 186",38.8568709,-94.6317033,17
"196","../r03/Track 187",38.8578951,-94.6316908,16
"197","../r03/Track 188",38.8636491,-94.63166865,15
"198","../r03/Track 189",38.8608646,-94.6285426,16
"199","../r03/Track 190",38.8590853,-94.6317118,16
"200","../r03/Track 191",38.86257205,-94.62716215,16
"201","../r03/Track 192",25.7748021,-80.18652485,16
"202","../r03/Track 193",41.8826913,-87.622427,17
"203","../r03/Track 194",38.86088635,-94.6271102,16
"204","../r03/Track 195",38.8579171,-94.6317853,16
"205","../r03/Track 196",38.85679385,-94.63172575,17
"206","../r03/Track 197",38.8589989,-94.63173305,16
"207","../r03/Track 198",38.8608786,-94.6271526,16
"208","../r03/Track 199",38.8567828,-94.63167725,17
"209","../r03/Track 200",38.8608522,-94.6284972,16
"210","../r03/Track 201",38.85680165,-94.63183435,17
"211","../r03/Track 202",38.8379372,-94.65767275,18
"212","../r03/Track 203",38.8637161,-94.63163005,15
"213","../r03/Track 204",38.8578974,-94.63154785,16
"214","../r03/Track 205",38.8567277,-94.63178605,17
"215","../r03/Track 206",38.8609034,-94.62717305,16
"216","../r03/Track 207",38.85683285,-94.6317148,17
"217","../r03/Track 208",38.86063345,-94.63180415,17
"218","../r03/Track 209",39.4994799,-76.6622931,16
"219","../r03/Track 210",38.85907575,-94.63176285,16
"220","../r03/Track 211",38.86081995,-94.62718595,16
"221","../r03/Track 212",38.85337335,-94.63180475,15
"222","../r03/Track 213",38.9688239,-94.603507,15
"223","../r03/Track 214",38.8579235,-94.63180125,16
"224","../r03/Track 215",38.8636021,-94.63159515,15
"225","../r03/Track 216",38.8567945,-94.63176455,17
"226","../r03/Track 217",38.86084955,-94.62714895,16
"227","../r03/Track 218",38.8608611,-94.62857835,16
"228","../r03/Track 219",38.86356865,-94.63165285,15
"229","../r03/Track 220",38.8681922,-94.63165935,15
"230","../r03/Track 221",38.857836,-94.63168905,16
"231","../r03/Track 222",38.85677705,-94.63171515,17
"232","../r03/Track 223",38.8608648,-94.62858005,16
"233","../r03/Track 224",38.8579006,-94.63171565,16
"234","../r03/Track 225",38.85901035,-94.63188035,16
"235","../r03/Track 226",42.34709795,-71.03349245,15
"236","../r03/Track 227",42.35415605,-71.0603409,15
"237","../r03/Track 228",42.3545582,-71.047078,16
"238","../r03/Track 229",38.85792945,-94.63177615,16
"239","../r03/Track 230",38.8590823,-94.6318458,16
"240","../r03/Track 231",38.86362795,-94.63161165,15
"241","../r03/Track 232",38.8567895,-94.63176915,17
"242","../r03/Track 233",38.8579609,-94.6317098,16
"243","../r03/Track 234",38.86084335,-94.6272032,16
"244","../r03/Track 235",38.92726485,-94.6234986,16
"245","../r03/Track 236",38.8608551,-94.62849105,16
"246","../r03/Track 237",38.8687742,-94.63967775,15
"247","../r03/Track 238",38.8608227,-94.62856085,16
"248","../r03/Track 239",38.8608344,-94.62719885,16
"249","../r03/Track 240",38.8579648,-94.6317473,16
"250","../r03/Track 241",39.038285,-94.58304245,14
"251","../r03/Track 242",38.86077735,-94.62846955,16
"252","../r03/Track 243",38.8800217,-94.63943385,15
"253","../r03/Track 244",38.8568335,-94.6317535,17
"254","../r03/Track 245",38.86255035,-94.62715275,16
"255","../r03/Track 246",38.86880105,-94.6397773,15
"256","../r03/Track 247",38.86366425,-94.63167445,15
"257","../r03/Track 248",38.85690205,-94.63173665,17
"258","../r03/Track 249",39.0045724,-94.52998885,15
"259","../r03/Track 250",38.85798675,-94.6317131,16
"260","../r03/Track 251",38.8608561,-94.6315092,17
"261","../r03/Track 252",38.8605498,-94.6317658,17
"262","../r03/Track 253",38.86055025,-94.62708945,16
"263","../r03/Track 254",38.8589145,-94.6317765,16
"264","../r03/Track 255",38.8605821,-94.62848185,16
"265","../r03/Track 256",36.5735382,-93.6414707,16
"266","../r03/Track 257",38.85789245,-94.63173115,16
"267","../r03/Track 258",38.86057955,-94.6271534,16
"268","../r03/Track 259",38.85680125,-94.63175265,17
"269","../r03/Track 260",38.860569,-94.6285338,16
"270","../r03/Track 261",38.8687709,-94.63975625,15
"271","../r03/Track 262",38.8589268,-94.63176535,16
"272","../r03/Track 263",38.86362645,-94.63166745,15
"273","../r03/Track 264",38.86066435,-94.6271633,16
"274","../r03/Track 265",38.8605672,-94.6285285,16
"275","../r03/Track 266",38.91961215,-94.65710025,15
"276","../r03/Track 267",38.86060665,-94.62860315,16
"277","../r03/Track 268",38.8605398,-94.62856305,16
"278","../r03/Track 269",38.8605694,-94.62716205,16
"279","../r03/Track 270",38.8568576,-94.6317987,17
"280","../r03/Track 271",38.86054805,-94.628585,16
"281","../r03/Track 272",38.8606155,-94.6271864,16
"282","../r03/Track 273",38.85674195,-94.63175875,17
"283","../r03/Track 274",38.860615,-94.6271728,16
"284","../r03/Track 275",38.8605878,-94.6285301,16
"285","../r03/Track 276",38.86060205,-94.6284598,16
"286","../r03/Track 277",38.85887905,-94.63168575,16
"287","../r03/Track 278",38.8578599,-94.6317611,16
"288","../r03/Track 279",38.876444,-94.6629434,15
"289","../r03/Track 280",38.8636753,-94.63166025,15
"290","../r03/Track 281",38.85674935,-94.6317437,17
"291","../r03/Track 282",38.86057875,-94.62854825,16
"292","../r03/Track 283",38.85675485,-94.63169455,17
"293","../r03/Track 285",38.86062915,-94.62718655,16
"294","../r03/Track 286",38.8589663,-94.63173065,16
"295","../r03/Track 287",38.85787245,-94.6316012,16
"296","../r03/Track 288",38.85682465,-94.63162175,17
"297","../r03/Track 289",38.860627,-94.62850915,16
"298","../r03/Track 290",38.86361965,-94.63159605,15
"299","../r03/Track 291",33.5705546,-111.9216769,16
"300","../r03/Track 292",33.56788875,-111.9013123,14
"301","../r03/Track 293",33.56725825,-111.91988905,17
"302","../r03/Track 294",29.9514803,-90.0617191,15
"303","../r03/Track 295",29.95427345,-90.0616473,16
"304","../r03/Track 296",38.86059635,-94.62723905,16
"305","../r03/Track 297",38.86064895,-94.62856515,16
"306","../r03/Track 298",29.43002335,-98.48885615,16
"307","../r03/Track 299",29.43203985,-98.48664785,15
"308","../r03/Track 300",29.4369565,-98.48443415,15
"309","../r03/Track 301",35.2271299,-97.49009885,15
"310","../r03/Track 302",38.8605573,-94.6285655,16
"311","../r03/Track 303",38.8604363,-94.62703455,16
"312","../r03/Track 304",38.8605964,-94.62858975,16
"313","../r03/Track 305",38.85681715,-94.63172685,17
"314","../r03/Track 306",38.8606099,-94.62716195,16
"315","../r03/Track 307",38.8532884,-94.63169085,15
"316","../r03/Track 308",38.8605984,-94.62715,16
"317","../r03/Track 309",38.8588878,-94.6317619,16
"318","../r03/Track 310",38.8605987,-94.62848155,16
"319","../r03/Track 311",38.86057265,-94.62849975,16
"320","../r03/Track 312",38.8578826,-94.6317683,16
"321","../r03/Track 313",38.85888055,-94.6317659,16
"322","../r03/Track 314",38.8568828,-94.63176965,17
"323","../r03/Track 315",38.8579737,-94.63178035,16
"324","../r03/Track 316",38.86057985,-94.6284559,16
"325","../r03/Track 317",38.8606288,-94.62844625,16
"326","../r03/Track 318",38.8625919,-94.6271664,16
"327","../r03/Track 319",38.8606379,-94.6285071,16
"328","../r03/Track 320",38.92028505,-94.6313833,15
"329","../r03/Track 321",38.8605776,-94.62855305,16
"330","../r03/Track 322",38.86367255,-94.6316573,15
"331","../r03/Track 323",38.86874885,-94.63963335,15
"332","../r03/Track 324",38.85893415,-94.63173095,16
"333","../r03/Track 325",38.86355575,-94.6316769,15
"334","../r03/Track 326",38.96885515,-94.60342445,15
"335","../r03/Track 327",38.86363965,-94.63161315,15
"336","../r03/Track 328",38.86057155,-94.6271958,16
"337","../r03/Track 329",38.86057985,-94.627182,16
"338","../r03/Track 330",38.86371655,-94.6285396,15
"339","../r03/Track 331",38.85797615,-94.63172745,16
"340","../r03/Track 332",38.8634913,-94.63164615,16
"341","../r03/Track 333",38.9351331,-94.64406475,15
"342","../r03/Track 334",38.9329475,-94.63181615,15
"343","../r03/Track 335",38.8635769,-94.6316925,15
"344","../r03/Track 336",38.86061455,-94.62848115,16
"345","../r03/Track 337",38.8626015,-94.62858055,16
"346","../r03/Track 338",38.8681976,-94.63170365,15
"347","../r03/Track 339",38.86623415,-94.62881465,15
"348","../r03/Track 340",38.8588927,-94.6317607,16
"349","../r03/Track 341",38.86055035,-94.62720845,16
"350","../r03/Track 342",38.8636375,-94.6316681,15
"351","../r03/Track 343",38.8636834,-94.62854535,15
"352","../r03/Track 344",38.8636633,-94.6272384,15
"353","../r03/Track 345",38.86052935,-94.6271613,16
"354","../r03/Track 346",38.86058615,-94.6285319,16
"355","../r03/Track 347",38.86379735,-94.62253535,15
"356","../r03/Track 348",38.8605865,-94.62717755,16
"357","../r03/Track 349",38.86358015,-94.63167505,15
"358","../r03/Track 350",38.86057715,-94.62851795,16
"359","../r03/Track 351",38.860564,-94.62723145,16
"360","../r03/Track 352",38.9272926,-94.62351005,16
"361","../r03/Track 353",38.86063625,-94.62852495,16
"362","../r03/Track 354",39.0381971,-94.5830541,14
"363","../r03/Track 355",38.8606194,-94.62857045,16
"364","../r03/Track 356",38.8637493,-94.6396606,15
"365","../r03/Track 357",38.86628445,-94.62256315,15
"366","../r03/Track 358",38.86063925,-94.6285413,16
"367","../r03/Track 359",38.8606504,-94.62718035,16
"368","../r03/Track 360",39.00458655,-94.5300551,15
"369","../r03/Track 361",38.8605684,-94.62843,16
"370","../r03/Track 362",38.860646,-94.62846175,16
"371","../r03/Track 363",38.86966865,-94.63976645,14
"372","../r03/Track 364",38.86055,-94.6272013,16
"373","../r03/Track 365",38.8637265,-94.62847385,15
"374","../r03/Track 366",38.88734095,-94.768742,15
"375","../r03/Track 367",38.8605743,-94.6271443,16
"376","../r03/Track 368",38.8617195,-94.6316929,16
"377","../r03/Track 369",38.8697556,-94.6397034,14
"378","../r03/Track 370",38.86051685,-94.6285572,16
"379","../r03/Track 371",38.860529,-94.62714165,16
"380","../r03/Track 372",38.86377515,-94.63976035,15
"381","../r03/Track 373",38.86059445,-94.6285737,16
"382","../r03/Track 374",38.8605611,-94.6285435,16
"383","../r03/Track 375",38.86056815,-94.62851125,16
"384","../r03/Track 376",39.11578855,-94.54474645,14
"385","../r03/Track 377",38.86359955,-94.6316284,15
"386","../r03/Track 378",38.86373975,-94.6397083,15
"387","../r03/Track 379",38.8697148,-94.6397119,14
"388","../r03/Track 380",38.860594,-94.62713615,16
"389","../r03/Track 381",38.86056235,-94.62856155,16
"390","../r03/Track 382",38.86965265,-94.6397905,14
"391","../r03/Track 383",38.86056615,-94.62715895,16
"392","../r03/Track 384",38.8696317,-94.63972505,14
"393","../r03/Track 385",38.86361955,-94.6317079,15
"394","../r03/Track 386",38.92059785,-94.65554635,16
"395","../r03/Track 387",38.8605547,-94.628632,16
"396","../r03/Track 388",38.85327415,-94.6317648,15
"397","../r03/Track 389",38.86061355,-94.62710725,16
"398","../r03/Track 390",38.86049885,-94.6271814,16
"399","../r03/Track 391",38.86057285,-94.62858265,16
"400","../r03/Track 392",38.86059405,-94.6285518,16
"401","../r03/Track 393",38.86058165,-94.6271525,16
"402","../r03/Track 394",38.8605945,-94.62852595,16
"403","../r03/Track 395",38.86057905,-94.6271786,16
"404","../r03/Track 396",38.8605829,-94.628581,16
"405","../r03/Track 397",38.86055855,-94.62724785,16
"406","../r03/Track 398",38.8606351,-94.6285846,16
"407","../r03/Track 399",38.87645995,-94.66286695,15
"408","../r03/Track 400",38.8636464,-94.63178505,15
"409","../r03/Track 401",38.86965565,-94.63974445,14
"410","../r03/Track 402",38.86055065,-94.62851285,16
"411","../r03/Track 403",38.86060185,-94.62718115,16
"412","../r03/Track 404",38.86356245,-94.6317597,15
"413","../r03/Track 405",38.86967215,-94.63975715,14
"414","../r03/Track 406",38.86364255,-94.63172115,15
"415","../r03/Track 407",32.70910925,-117.1661747,15
"416","../r03/Track 408",32.7200813,-117.1733638,16
"417","../r03/Track 409",38.8605409,-94.6285347,16
"418","../r03/Track 410",38.8606251,-94.628499,16
"419","../r03/Track 411",38.86363685,-94.6317011,15
"420","../r03/Track 412",38.8637418,-94.6351929,15
"421","../r03/Track 413",39.05885645,-94.58731515,15
"422","../r03/Track 414",25.7795889,-80.13024635,14
"423","../r03/Track 415",25.79868975,-80.1254719,15
"424","../r03/Track 417",24.5526548,-81.80272465,16
"425","../r03/Track 418",38.8605717,-94.6285188,16
"426","../r03/Track 419",38.8605919,-94.6271602,16
"427","../r03/Track 420",38.8636341,-94.6316913,15
"428","../r03/Track 421",38.86373185,-94.6397072,15
"429","../r03/Track 422",38.8605764,-94.62852905,16
"430","../r03/Track 423",41.88591845,-87.61755185,16
"431","../r03/Track 424",38.8636336,-94.63169855,15
"432","../r03/Track 425",38.8605648,-94.6285465,16
"433","../r03/Track 426",38.86368225,-94.6397948,15
"434","../r03/Track 427",38.8605818,-94.6286027,16
"435","../r03/Track 428",38.856819,-94.6317724,17
"436","../r03/Track 429",38.8565913,-94.6396681,14
"437","../r03/Track 430",38.8636338,-94.6316808,15
"438","../r03/Track 431",38.86054205,-94.62854745,16
"439","../r03/Track 432",38.8637285,-94.6397919,15
"440","../r03/Track 433",39.0168007,-94.589275,13
"441","../r03/Track 434",38.8606034,-94.62854935,16
"442","../r03/Track 435",38.8605611,-94.6285705,16
"443","../r03/Track 436",38.8638432,-94.63975815,15
"444","../r03/Track 437",38.8636304,-94.6316694,15
"445","../r03/Track 438",38.8637128,-94.639738,15
"446","../r03/Track 439",38.86049915,-94.6272034,16
"447","../r03/Track 441",38.8605975,-94.6285494,16
"448","../r03/Track 442",38.86363435,-94.63172735,15
"449","../r03/Track 443",38.863838,-94.63976985,15
"450","../r03/Track 444",39.0232448,-94.59747325,14
"451","../r03/Track 445",38.86364215,-94.6316892,15
"452","../r03/Track 446",39.2777061,-76.6083391,15
"453","../r03/Track 447",38.86364045,-94.63171525,15
"454","../r03/Track 448",38.8636851,-94.63979655,15
"455","../r03/Track 449",38.86103375,-94.64331775,16
"456","../r03/Track 450",38.8636351,-94.63168055,15
"457","../r03/Track 451",38.8638381,-94.639728,15
"458","../r03/Track 452",38.96879325,-94.6034661,15
"459","../r03/Track 453",38.860585,-94.62719825,16
"460","../r03/Track 454",38.86362845,-94.6316258,15
"461","../r03/Track 455",38.8605897,-94.62719525,16
"462","../r03/Track 456",38.8636293,-94.63172255,15
"463","../r03/Track 457",38.86370625,-94.6397245,15
"464","../r02/Track 001",48.85609955,2.29803225,16
"465","../r02/Track 002",38.86367055,-94.6316456,15
"466","../r02/Track 003",38.8637748,-94.62851875,15
"467","../r02/Track 004",38.85787155,-94.6318483,16
"468","../r02/Track 007",38.8725203,-94.653085,14
"469","../r02/Track 008",38.8581617,-94.63441285,17
"470","../r02/Track 060",32.68290715,-117.1888197,15
"471","../r02/Track 061",32.6771606,-117.17695875,16
"472","../r02/Track 062",32.68361895,-117.18957055,15
"473","../r02/Track 063",38.86084935,-94.6271435,16
"474","../r02/Track 064",38.8635925,-94.6314869,15
"475","../r02/Track 065",38.8568016,-94.6317808,17
"476","../r02/Track 066",38.8681693,-94.6324815,15
"477","../r02/Track 067",38.8579211,-94.6318208,16
"478","../r02/Track 068",38.86357525,-94.63171125,15
"479","../r02/Track 069",38.9378336,-94.6799279,15
"480","../r02/Track 070",41.6628443,-91.54046375,16
"481","../r02/Track 071",38.8567913,-94.6318545,17
"482","../r02/Track 072",38.86379985,-94.62885225,15
"483","../r02/Track 073",38.85679495,-94.63175055,17
"484","../r02/Track 074",38.8579221,-94.6317699,16
"485","../r02/Track 075",38.86176765,-94.6273861,17
"486","../r02/Track 076",38.8567371,-94.6317658,17
"487","../r02/Track 077",38.86377085,-94.62856765,15
"488","../r02/Track 078",38.8709586,-94.63727025,14
"489","../r02/Track 079",38.8718761,-94.64594335,14
"490","../r02/Track 080",38.86085515,-94.62714855,16
"491","../r02/Track 081",38.8607836,-94.62716515,16
"492","../r02/Track 082",38.86084535,-94.62856465,16
"493","../r02/Track 083",38.86876395,-94.6397398,15
"494","../r02/Track 084",38.8608223,-94.6271841,16
"495","../r02/Track 085",38.86090755,-94.6284682,16
"496","../r02/Track 086",38.86873185,-94.63976315,15
"497","../r02/Track 087",45.51501725,-122.67221125,15
"498","../r02/Track 088",45.51256195,-122.71437975,16
"499","../r02/Track 089",45.4900089,-122.71725105,14
"500","../r02/Track 090",45.5150313,-122.6705747,16
"501","../r02/Track 091",38.857909,-94.6317585,16
"502","../r02/Track 092",38.85908625,-94.63177585,16
"503","../r02/Track 093",38.86089245,-94.62715365,16
"504","../r02/Track 094",38.8578902,-94.6318033,16
"505","../r02/Track 095",38.85681305,-94.6318024,17
"506","../r02/Track 096",38.83523,-94.7492516,16
"507","../r02/Track 097",38.85764685,-94.63436495,16
"508","../r02/Track 098",38.8634315,-94.631616,15
"509","../r02/Track 099",48.8556744,2.29931175,16
"510","../r02/Track 100",48.85609955,2.29803225,16
"511","../r02/Track 100a",38.86367055,-94.6316456,15
"512","../r02/Track 101",38.8608412,-94.62853535,16
"513","../r02/Track 102",38.85909985,-94.63178405,16
"514","../r02/Track 103",38.8637748,-94.62851875,15
"515","../r02/Track 104",38.85787155,-94.6318483,16
"516","../r02/Track 105",38.85909255,-94.6317363,16
"517","../r02/Track 106",38.8686415,-94.6397938,15
"518","../r02/Track 107",38.9688532,-94.60351855,15
"519","../r02/Track 108",38.8608155,-94.62712245,16
"520","../r02/Track 109",38.85792425,-94.63176345,16
"521","../r02/Track 110",38.86366505,-94.6316896,15
"522","../r02/Track 111",38.85902685,-94.6316497,16
"523","../r02/Track 112",38.86215225,-94.62645235,15
"524","../r02/Track 113",38.8590409,-94.63179775,16
"525","../r02/Track 114",38.8608022,-94.62721735,16
"526","../r02/Track 115",38.86082805,-94.6271528,16
"527","../r02/Track 116",38.85789325,-94.63179805,16
"528","../r02/Track 117",38.85789625,-94.6317508,16
"529","../r02/Track 118",38.86083655,-94.6285753,16
"530","../r02/Track 119",32.70777465,-117.166519,16
"531","../r02/Track 120",32.71283605,-117.16856305,15
"532","../r02/Track 121",38.85792255,-94.63185355,16
"533","../r02/Track 122",38.8636317,-94.63169705,15
"534","../r02/Track 123",38.85687655,-94.63171315,17
"535","../r02/Track 124",38.87888735,-94.70914535,15
"536","../r02/Track 125",38.85791315,-94.63177845,16
"537","../r02/Track 126",38.858969,-94.631696,16
"538","../r02/Track 127",38.8687687,-94.6397182,15
"539","../r02/Track 128",38.86075085,-94.62855365,16
"540","../r02/Track 129",38.8590435,-94.6316833,16
"541","../r02/Track 130",38.85671285,-94.63162435,17
"542","../r02/Track 131",38.8608641,-94.628509,16
"543","../r02/Track 132",38.86363615,-94.63161995,15
"544","../r02/Track 133",38.860818,-94.6269364,16
"545","../r02/Track 134",38.9273267,-94.62348495,16
"546","../r02/Track 135",38.85678165,-94.63176735,17
"547","../r02/Track 136",38.8578831,-94.6317666,16
"548","../r02/Track 137",38.85791135,-94.63178705,16
"549","../r02/Track 138",38.85677215,-94.63168915,17
"550","../r02/Track 139",38.86085255,-94.62856275,16
"551","../r02/Track 140",39.0045622,-94.5300087,15
"552","../r02/Track 141",38.8568003,-94.63173845,17
"553","../r02/Track 142",38.86361265,-94.6316669,15
"554","../r02/Track 143",38.86084295,-94.6285089,16
"555","../r02/Track 150",48.85609955,2.29803225,16
"556","../r01/Track 001",38.85924255,-94.635667,17
"557","../r01/Track 002",38.86359485,-94.6317864,15
"558","../r01/Track 003",38.8613637,-94.63068355,18
"559","../r01/Track 004",38.86144905,-94.63062595,18
"560","../r01/Track 005",38.8592657,-94.6341446,16
"561","../r01/Track 006",38.86369445,-94.6315207,15
"562","../r01/Track 007",38.8682686,-94.6316445,15
"563","../r01/Track 008",38.86133365,-94.6317238,16
"564","../r01/Track 009",38.8944983,-94.6360856,13
"565","../r01/Track 010",38.8944209,-94.6360856,13
"566","../r01/Track 011",38.9272926,-94.62350615,16
"567","../r01/Track 012",38.86070895,-94.6323239,16
"568","../r01/Track 013",38.8607152,-94.62831565,15
"569","../r01/Track 014",38.85995125,-94.6292125,15
"570","../r01/Track 015",38.90134515,-94.6476805,19
"571","../r01/Track 016",38.90661385,-94.6406648,15
"572","../r01/Track 017",38.90133745,-94.64774385,19
"573","../r01/Track 018",38.2237694,-94.6033149,18
"574","../r01/Track 019",38.8581617,-94.63441285,17
"575","../r01/Track 020",38.86088965,-94.6285156,16
"576","../r01/Track 021",38.86083035,-94.62865855,16
"577","../r01/Track 022",38.9789442,-94.8048916,16
"578","../r01/Track 023",38.8579221,-94.6318568,16
"579","../r01/Track 024",38.85776305,-94.63232595,16
"580","../r01/Track 025",33.47840645,-81.96394275,16
"581","../r01/Track 026",33.47981035,-81.9676793,19
"582","../r01/Track 027",38.5133231,-94.6796195,15
"583","../r01/Track 028",38.85776235,-94.63180815,16
"584","../r01/Track 029",38.64397165,-94.6962833,18
"585","../r01/Track 030",38.642816,-94.6960957,18
"586","../r01/Track 031",38.64413545,-94.6959418,18
"587","../r01/Track 032",38.64408895,-94.6975446,18
"588","../r01/Track 033",38.86094115,-94.62719125,16
"589","../r01/Track 034",38.8746551,-94.69351295,15
"590","../r01/Track 035",38.8799867,-94.6922176,18
"591","../r01/Track 036",38.8635707,-94.63168065,15
"592","../r01/Track 037",36.6088476,-93.30753875,17
"593","../r01/Track 038",36.60928775,-93.3104115,17
"594","../r01/Track 039",38.86092395,-94.6365061,16
"595","../r01/Track 040",38.85737885,-94.63367065,17
"596","../r01/Track 041",38.8584121,-94.63648715,17
"597","../r01/Track 042",38.85737085,-94.6344533,18
"598","../r01/Track 043",38.8585537,-94.63173245,17
"599","../r01/Track 044",38.85856265,-94.6306606,17
"600","../r01/Track 045",38.86199875,-94.62709045,15
"601","../r01/Track 046",38.86392165,-94.6398997,15
"602","../r01/Track 047",38.86106035,-94.64358755,16
"603","../r01/Track 048",38.85925945,-94.63585575,17
"604","../r01/Track 049",38.860845,-94.62715455,16
"605","../r01/Track 050",38.85916305,-94.63566335,17
"606","../r01/Track 051",38.8592435,-94.63538695,17
"607","../r01/Track 052",38.86580535,-94.62714645,15
"608","../r01/Track 053",38.8655815,-94.6348519,15
"609","../r01/Track 054",38.86832195,-94.63428785,15
"610","../r01/Track 055",38.86085895,-94.62715035,16
"611","../r01/Track 056",38.86685815,-94.6396719,15
"612","../r01/Track 057",38.8627499,-94.64349285,16
"613","../r01/Track 058",38.8725203,-94.653085,14
"614","../r01/Track 059",38.9688755,-94.6019944,15
"615","../r01/Track 061",38.857945,-94.6316037,16
"616","../r01/Track 062",38.85790155,-94.63180825,16
"617","../r01/Track 063",38.8567512,-94.63176725,17
"618","../r01/Track 064",38.86281005,-94.6275695,15
"619","../r01/Track 065",38.8635879,-94.6316372,15
"620","../r01/Track 066",38.8592853,-94.6355876,17
"621","../r01/Track 067",38.86864795,-94.6397476,15
"622","../r01/Track 068",38.86104485,-94.64303285,16
"623","../r01/Track 069",38.8637815,-94.6283747,15
"624","../r01/Track 071",38.85922485,-94.6356816,17
"625","../r01/Track 072",38.86082865,-94.6299132,17
"626","../r01/Track 073",38.85919475,-94.63577005,17
"627","../r01/Track 074",38.8592158,-94.63541255,17
"628","../r01/Track 075",38.86424075,-94.6317182,15
"629","../r01/Track 076",38.85794995,-94.63181505,16
"630","../r01/Track 077",38.85927485,-94.6354655,17
"631","../r01/Track 078",38.86492975,-94.63170285,15
"632","../r01/Track 079",38.8600167,-94.631789,17
"633","../r01/Track 080",38.85921065,-94.63544875,17
"634","../r01/Track 081",38.85675595,-94.6317719,17
"635","../r01/Track 082",38.9013827,-94.64776135,19
"636","../r01/Track 083",38.9035689,-94.64432065,16
"637","../r01/Track 084",38.9013545,-94.6478593,19
"638","../r01/Track 085",38.90138515,-94.6477559,19
"639","../r01/Track 086",38.8385386,-94.7585749,17
"640","../r01/Track 087",38.85923855,-94.6355541,17
"641","../r01/Track 088",38.86082985,-94.62855245,16
"642","../r01/Track 089",38.86079585,-94.62719905,16
"643","../r01/Track 090",38.86084785,-94.6317091,17
"644","../r01/Track 091",38.8636381,-94.63168225,15
"645","../r01/Track 092",38.86039805,-94.6319819,17
"646","../r01/Track 093",38.85785,-94.63174215,16
"647","../r01/Track 094",38.86073665,-94.628589,16
"648","../r01/Track 095",38.86316715,-94.63074735,19
"649","../r01/Track 096",38.8615218,-94.63071015,18
"650","../r01/Track 097",38.8595928,-94.63071675,19
"651","../r01/Track 098",38.85880375,-94.63137375,19
"652","../r01/Track 099",38.86356165,-94.6317109,15
"653","../r01/Track 100",28.4137425,-81.46573235,16
"654","../r01/Track 101",28.4154261,-81.463424,16
"655","../r01/Track 102",38.8568642,-94.6317355,17
"656","../r01/Track 103",38.8608582,-94.6285403,16
"657","../r01/Track 104",38.8567632,-94.63174355,17
